symbol,exchange,date,open,high,low,close,volume,split_factor,dividend,daily_return,ma_7,ma_30
AAPL,XNAS,2025-02-11 05:45:00+05:45,228.2,235.23,228.13,232.62,53677600,1,0,0.01936897458369858,232.62,232.62
AAPL,XNAS,2025-02-12 05:45:00+05:45,231.2,236.96,230.68,236.87,45243300,1,0,0.024524221453287268,234.745,234.745
AAPL,XNAS,2025-02-13 05:45:00+05:45,236.91,242.34,235.57,241.53,53543300,1,0,0.019501076358110693,237.00666666666666,237.00666666666666
AAPL,XNAS,2025-02-14 05:45:00+05:45,241.25,245.55,240.99,244.6,40896227,1,0,0.013886010362694276,238.905,238.905
AAPL,XNAS,2025-02-18 05:45:00+05:45,243.91,245.18,241.84,244.47,48158313,1,0,0.002295928826206397,240.01799999999997,240.01799999999997
AAPL,XNAS,2025-02-19 05:45:00+05:45,244.66,246.01,243.16,244.87,32184200,1,0,0.0008583340145508377,240.82666666666668,240.82666666666668
AAPL,XNAS,2025-02-20 05:45:00+05:45,244.97,246.78,244.29,245.83,31125149,1,0,0.0035106339551782407,241.54142857142855,241.54142857142855
AAPL,XNAS,2025-02-21 05:45:00+05:45,245.95,248.69,245.22,245.55,53119400,1,0,-0.001626346818458944,243.38857142857145,242.04250000000002
AAPL,XNAS,2025-02-24 05:45:00+05:45,244.808,248.86,244.59,247.1,51143732,1,0,0.009362439135975955,244.85,242.60444444444445
AAPL,XNAS,2025-02-25 05:45:00+05:45,248,249.98,244.91,247.04,46872348,1,0,-0.003870967741935516,245.63714285714286,243.048
AAPL,XNAS,2025-02-26 05:45:00+05:45,244.33,244.98,239.13,240.36,43602013,1,0,-0.01624851635083698,245.03142857142862,242.80363636363637
AAPL,XNAS,2025-02-27 05:45:00+05:45,239.41,242.46,237.1,237.3,40535155,1,0,-0.00881333277640861,244.0071428571429,242.345
AAPL,XNAS,2025-02-28 05:45:00+05:45,236.95,242.09,230.2,241.84,56796200,1,0,0.020637265245832516,243.5742857142857,242.30615384615385
AAPL,XNAS,2025-03-03 05:45:00+05:45,241.722,244.0272,236.112,238.03,46788610,1,0,-0.015273744218565158,242.46,242.0007142857143
AAPL,XNAS,2025-03-04 05:45:00+05:45,237.705,240.07,234.7,235.93,53101971,1,0,-0.007467238804400436,241.08571428571432,241.596
AAPL,XNAS,2025-03-05 05:45:00+05:45,235.42,236.55,229.23,235.74,47200800,1,0,0.0013592727890579458,239.46285714285713,241.23000000000002
AAPL,XNAS,2025-03-06 05:45:00+05:45,234.435,237.86,233.1581,235.33,44375329,1,0,0.003817689338196132,237.79,240.8829411764706
AAPL,XNAS,2025-03-07 05:45:00+05:45,235.11,241.37,234.76,239.07,46245700,1,0,0.016843179788184167,237.60571428571433,240.78222222222223
AAPL,XNAS,2025-03-10 05:45:00+05:45,235.48,236.16,224.22,227.48,71374783,1,0,-0.033973161202649906,236.20285714285714,240.08210526315793
AAPL,XNAS,2025-03-11 05:45:00+05:45,223.8,225.8399,217.45,220.84,73947348,1,0,-0.013226094727435245,233.20285714285714,239.11999999999998
AAPL,XNAS,2025-03-12 05:45:00+05:45,220.14,221.75,214.91,216.98,62466400,1,0,-0.0143545016807486,230.1957142857143,238.06571428571428
AAPL,XNAS,2025-03-13 05:45:00+05:45,215.94,216.8394,208.42,209.68,60306872,1,0,-0.028989534129850843,226.44571428571427,236.77545454545455
AAPL,XNAS,2025-03-14 05:45:00+05:45,211.25,213.95,209.58,213.49,60060200,1,0,0.01060355029585803,223.26714285714283,235.76304347826087
AAPL,XNAS,2025-03-17 05:45:00+05:45,213.36,215.22,209.98,214,47841607,1,0,0.0029996250468690773,220.22,234.85625000000002
AAPL,XNAS,2025-03-18 05:45:00+05:45,214.14,215.15,211.49,212.69,41207689,1,0,-0.0067712711310357184,216.45142857142855,233.96959999999999
AAPL,XNAS,2025-03-19 05:45:00+05:45,214.22,218.76,213.75,215.24,54237276,1,0,0.004761460181122259,214.7028571428571,233.2492307692308
AAPL,XNAS,2025-03-20 05:45:00+05:45,213.99,217.4899,212.22,214.1,48775040,1,0,0.0005140427122762055,213.74,232.54
AAPL,XNAS,2025-03-21 05:45:00+05:45,211.56,218.84,211.28,218.27,93954500,1,0,0.03171677065607869,213.92428571428573,232.03035714285716
AAPL,XNAS,2025-03-24 05:45:00+05:45,221,221.021,218.58,220.73,42364298,1,0,-0.001221719457013621,215.50285714285715,231.64068965517242
AAPL,XNAS,2025-03-25 05:45:00+05:45,220.81,224.1,220.08,223.75,34299912,1,0,0.013314614374348978,216.96857142857147,231.37766666666667
AAPL,XNAS,2025-03-26 05:45:00+05:45,223.51,225.02,220.47,221.53,34436815,1,0,-0.008858664041877275,218.04428571428573,231.00799999999998
AAPL,XNAS,2025-03-27 05:45:00+05:45,221.33,224.99,220.5601,223.85,36700954,1,0,0.011385713640265584,219.63857142857142,230.574
AAPL,XNAS,2025-03-28 05:45:00+05:45,221.67,223.81,217.68,217.9,39784100,1,0,-0.017007263048675877,220.01857142857145,229.78633333333332
AAPL,XNAS,2025-03-31 05:45:00+05:45,217.22,224.97,216.24,222.13,65078252,1,0,0.0226038118037013,221.16571428571427,229.03733333333332
AAPL,XNAS,2025-04-01 05:45:00+05:45,219.805,223.49,218.9,223.19,36361327,1,0,0.015400013648461094,221.8685714285714,228.328
AAPL,XNAS,2025-04-02 05:45:00+05:45,221.19,225.19,221.05,223.89,31731885,1,0,0.01220670012206695,222.31999999999996,227.62866666666665
AAPL,XNAS,2025-04-03 05:45:00+05:45,205.52,207.4899,201.25,203.19,102947073,1,0,-0.011337096146360512,219.38285714285712,226.20733333333334
AAPL,XNAS,2025-04-04 05:45:00+05:45,193.89,199.88,187.34,188.38,125569000,1,0,-0.02841817525400996,214.64714285714285,224.30166666666668
AAPL,XNAS,2025-04-07 05:45:00+05:45,177.24,194.14,174.62,181.46,157350538,1,0,0.0238095238095238,208.5914285714286,222.1136666666667
AAPL,XNAS,2025-04-08 05:45:00+05:45,186.73,190.335,169.2101,172.42,119908881,1,0,-0.07663471322229959,202.0942857142857,219.62633333333335
AAPL,XNAS,2025-04-09 05:45:00+05:45,172.179,200.61,171.89,198.85,182793290,1,0,0.15490274656026573,198.76857142857145,218.24266666666665
AAPL,XNAS,2025-04-10 05:45:00+05:45,189.165,194.7799,183,190.42,117183840,1,0,0.0066344196865170384,194.08714285714285,216.67999999999998
AAPL,XNAS,2025-04-11 05:45:00+05:45,186.1,199.54,186.06,198.15,87300000,1,0,0.06475013433637836,190.41,215.22366666666665
AAPL,XNAS,2025-04-14 05:45:00+05:45,211.44,212.94,201.1621,202.52,100650083,1,0,-0.04218690881573963,190.31428571428572,214.04
AAPL,XNAS,2025-04-15 05:45:00+05:45,201.855,203.505,199.82,202.14,50304417,1,0,0.001411904584974346,192.28,212.9136666666667
AAPL,XNAS,2025-04-16 05:45:00+05:45,198.36,200.7,192.37,194.27,58802034,1,0,-0.020619076426698947,194.10999999999999,211.53133333333332
AAPL,XNAS,2025-04-17 05:45:00+05:45,197.2,198.8335,194.42,196.98,52164675,1,0,-0.0011156186612576008,197.6185714285714,210.25300000000001
AAPL,XNAS,2025-04-21 05:45:00+05:45,193.265,193.8,189.8112,193.16,46628147,1,0,-0.0005432954751247757,196.80571428571426,208.72266666666667
AAPL,XNAS,2025-04-22 05:45:00+05:45,196.07,201.55,196,199.74,51869389,1,0,0.018717804865609304,198.13714285714286,207.79799999999997
AAPL,XNAS,2025-04-23 05:45:00+05:45,206,208,202.799,204.6,52803354,1,0,-0.006796116504854397,199.0585714285714,207.2566666666667
AAPL,XNAS,2025-04-24 05:45:00+05:45,204.89,208.83,202.94,208.37,47199300,1,0,0.016984723510176283,199.8942857142857,206.96966666666668
AAPL,XNAS,2025-04-25 05:45:00+05:45,206.37,209.75,206.2,209.28,38198600,1,0,0.014100886756796029,200.91428571428568,206.95633333333333
AAPL,XNAS,2025-04-28 05:45:00+05:45,210.06,211.5,207.46,210.14,37235797,1,0,0.00038084356850416113,203.18142857142857,206.84466666666668
AAPL,XNAS,2025-04-29 05:45:00+05:45,208.693,212.24,208.37,211.21,34928894,1,0,0.012060778272390524,205.21428571428572,206.75166666666667
AAPL,XNAS,2025-04-30 05:45:00+05:45,209.3,213.54,206.6705,212.5,50446935,1,0,0.015289058767319582,207.97714285714287,206.74533333333335
AAPL,XNAS,2025-05-01 05:45:00+05:45,209.08,214.56,208.9,213.32,56391200,1,0,0.02027931892098709,209.91714285714286,206.68133333333333
AAPL,XNAS,2025-05-02 05:45:00+05:45,206.09,206.99,202.16,205.35,100912500,1,0,-0.0035906642728905287,210.02428571428572,206.38966666666667
AAPL,XNAS,2025-05-05 05:45:00+05:45,203.1,204.1,198.21,198.89,68915400,1,0,-0.020728705071393443,208.67000000000002,205.74366666666666
AAPL,XNAS,2025-05-06 05:45:00+05:45,198.125,200.649,197.02,198.51,49201973,1,0,0.0019432176656150961,207.1314285714286,205.00300000000001
AAPL,XNAS,2025-05-07 05:45:00+05:45,199.195,199.44,193.25,196.25,65920024,1,0,-0.014784507643264104,205.14714285714285,204.08633333333333
AAPL,XNAS,2025-05-08 05:45:00+05:45,197.74,200.0498,194.6796,197.49,49118233,1,0,-0.0012642864367351067,203.18714285714287,203.285
AAPL,XNAS,2025-05-09 05:45:00+05:45,199,200.54,197.54,198.53,36415700,1,0,-0.002361809045226125,201.19142857142856,202.44099999999997
AAPL,XNAS,2025-05-12 05:45:00+05:45,210.97,211.2665,206.75,210.79,63024455,1,0.26,-0.0008532018770441618,200.82999999999998,202.204
AAPL,XNAS,2025-05-13 05:45:00+05:45,210.43,213.4,209,212.93,51759900,1,0,0.01188043529914936,201.91285714285715,201.89733333333334
AAPL,XNAS,2025-05-14 05:45:00+05:45,212.43,213.94,210.58,212.33,49253000,1,0,-0.0004707433036764784,203.83285714285714,201.5353333333333
AAPL,XNAS,2025-05-15 05:45:00+05:45,210.95,212.96,209.54,211.45,44979900,1,0,0.002370229912301493,205.68142857142857,201.12066666666666
AAPL,XNAS,2025-05-16 05:45:00+05:45,212.36,212.57,209.77,211.26,53659100,1,0,-0.005179883217178483,207.82571428571427,201.38966666666664
AAPL,XNAS,2025-05-19 05:45:00+05:45,207.91,209.48,204.26,208.78,45310800,1,0,0.004184502909912965,209.4385714285714,202.06966666666665
AAPL,XNAS,2025-05-20 05:45:00+05:45,207.67,208.47,205.03,206.86,42443700,1,0,-0.003900418933885366,210.6285714285714,202.9163333333333
AAPL,XNAS,2025-05-21 05:45:00+05:45,205.17,207.04,200.71,202.09,59134800,1,0,-0.015011941316956594,209.3857142857143,203.90533333333332
AAPL,XNAS,2025-05-22 05:45:00+05:45,200.71,202.75,199.7,201.36,46633900,1,0,0.0032385033132380334,207.7328571428571,203.989
AAPL,XNAS,2025-05-23 05:45:00+05:45,193.665,197.7,193.46,195.27,78432918,1,0,0.008287506777166852,205.29571428571427,204.1506666666667
AAPL,XNAS,2025-05-27 05:45:00+05:45,198.3,200.74,197.43,200.21,56229000,1,0,0.009631870902672701,203.69,204.21933333333337
AAPL,XNAS,2025-05-28 05:45:00+05:45,200.59,202.73,199.9,200.42,44158300,1,0,-0.0008474998753677447,202.14142857142858,204.14933333333332
AAPL,XNAS,2025-05-29 05:45:00+05:45,203.575,203.78,198.51,199.95,51174958,1,0,-0.017806705145523762,200.88000000000002,204.07633333333334
AAPL,XNAS,2025-05-30 05:45:00+05:45,199.37,201.96,196.78,200.85,70753100,1,0,0.007423383658524301,200.02142857142857,204.29566666666668
AAPL,XNAS,2025-06-02 05:45:00+05:45,200.15,202.13,200.12,201.7,35314257,1,0,0.007744191856107834,199.96571428571428,204.45299999999997
AAPL,XNAS,2025-06-03 05:45:00+05:45,201.35,203.77,200.96,203.27,46342500,1,0,0.009535634467345499,200.23857142857145,204.79
AAPL,XNAS,2025-06-04 05:45:00+05:45,202.91,206.24,202.15,202.82,42889828,1,0,-0.00044354639988173776,201.31714285714287,204.89266666666666
AAPL,XNAS,2025-06-05 05:45:00+05:45,203.5,204.75,200.15,200.63,55126100,1,0,-0.014103194103194126,201.37714285714287,204.7603333333333
AAPL,XNAS,2025-06-06 05:45:00+05:45,203,205.7,202.05,203.92,46539200,1,0,0.004532019704433436,201.87714285714284,204.612
AAPL,XNAS,2025-06-09 05:45:00+05:45,204.39,206,200.02,201.45,72726700,1,0,-0.014384265375018338,202.09142857142857,204.351
AAPL,XNAS,2025-06-10 05:45:00+05:45,200.6,204.35,200.57,202.67,54553200,1,0,0.01031904287138581,202.35142857142858,204.10199999999998
AAPL,XNAS,2025-06-11 05:45:00+05:45,203.5,204.5,198.41,198.78,60820200,1,0,-0.02319410319410319,201.93428571428572,203.68766666666664
AAPL,XNAS,2025-06-12 05:45:00+05:45,199.08,199.68,197.36,199.2,43758300,1,0,0.0006027727546713689,201.35285714285712,203.24433333333334
AAPL,XNAS,2025-06-13 05:45:00+05:45,199.73,200.37,195.7,196.45,51362400,1,0,-0.016422169929404703,200.44285714285712,202.682
AAPL,XNAS,2025-06-16 05:45:00+05:45,197.29,198.685,196.5636,198.42,42837838,1,0,0.005727609103350375,200.12714285714284,202.451
AAPL,XNAS,2025-06-17 05:45:00+05:45,197.2,198.3889,195.21,195.64,38772936,1,0,-0.007910750507099404,198.9442857142857,202.34266666666664
AAPL,XNAS,2025-06-18 05:45:00+05:45,195.945,197.57,195.07,196.58,44864157,1,0,0.003240705299956719,198.24857142857144,202.2783333333333
AAPL,XNAS,2025-06-20 05:45:00+05:45,198.235,201.7,196.855,201,96813542,1,0,0.013948091911115526,198.01,202.43666666666664
AAPL,XNAS,2025-06-23 05:45:00+05:45,201.532,202.3,198.96,201.5,55481396,1,0,-0.00015878371672990238,198.39857142857142,202.5703333333333
AAPL,XNAS,2025-06-24 05:45:00+05:45,202.59,203.44,200.2,200.3,53899923,1,0,-0.011303618145021926,198.5557142857143,202.62933333333334
AAPL,XNAS,2025-06-25 05:45:00+05:45,201.45,203.67,200.62,201.56,39454000,1,0,0.0005460412012907106,199.28571428571428,202.3216666666667
AAPL,XNAS,2025-06-26 05:45:00+05:45,201.43,202.615,199.46,201,50117398,1,0,-0.002134736633073558,199.6542857142857,201.924
AAPL,XNAS,2025-06-27 05:45:00+05:45,201.89,203.22,200,201.08,73114100,1,0,-0.004012085789291069,200.4314285714286,201.549
AAPL,XNAS,2025-06-30 05:45:00+05:45,202.01,207.39,199.2607,205.17,90651078,1,0,0.015642789960893008,201.6585714285714,201.3396666666667
AAPL,XNAS,2025-07-01 05:45:00+05:45,206.665,210.1865,206.1401,207.82,77921627,1,0,0.005588754748022167,202.63285714285712,201.225
AAPL,XNAS,2025-07-02 05:45:00+05:45,209.08,213.34,208.14,212.44,67834447,1,0,0.016070403673235055,204.19571428571427,201.34700000000004
AAPL,XNAS,2025-07-03 05:45:00+05:45,212.145,214.65,211.8101,213.55,34955836,1,0,0.006622828725635773,206.0885714285714,201.57
AAPL,XNAS,2025-07-07 05:45:00+05:45,212.68,216.23,208.8,209.95,49905104,1,0,-0.01283618581907099,207.28714285714287,201.832
AAPL,XNAS,2025-07-08 05:45:00+05:45,210.13,211.43,208.45,210.01,42036884,1,0,-0.0005710750487793487,208.5742857142857,202.12033333333332
AAPL,XNAS,2025-07-09 05:45:00+05:45,209.53,211.33,207.22,211.14,48408519,1,0,0.007683863885839666,210.01142857142855,202.64933333333332
AAPL,XNAS,2025-07-10 05:45:00+05:45,210.505,213.48,210.12,212.41,43770740,1,0,0.009049666278710724,211.04571428571427,203.05599999999998
AAPL,XNAS,2025-07-11 05:45:00+05:45,210.57,212.13,209.86,211.16,39719300,1,0,0.002801918601890124,211.52285714285716,203.41400000000002
AAPL,XNAS,2025-07-14 05:45:00+05:45,209.909,210.91,207.54,208.62,37683849,1,0,-0.0061407562324625785,210.97714285714287,203.70299999999997
AAPL,XNAS,2025-07-15 05:45:00+05:45,209.15,211.89,208.92,209.11,42071894,1,0,-0.00019125029882855388,210.34285714285713,203.97833333333335
AAPL,XNAS,2025-07-16 05:45:00+05:45,210.29,212.4,208.64,210.16,47148580,1,0,-0.0006181939226781847,210.37285714285716,204.26033333333334
AAPL,XNAS,2025-07-17 05:45:00+05:45,210.625,211.8,209.59,210.02,47738194,1,0,-0.002872403560830812,210.37428571428572,204.48533333333333
AAPL,XNAS,2025-07-18 05:45:00+05:45,210.87,211.79,209.7,211.18,48939500,1,0,0.0014701000616493681,210.37999999999997,204.764
AAPL,XNAS,2025-07-21 05:45:00+05:45,212.05,215.78,211.6409,212.48,51064253,1,0,0.0020278236265030814,210.39000000000001,205.15900000000002
AAPL,XNAS,2025-07-22 05:45:00+05:45,213.14,214.95,212.23,214.4,46300400,1,0,0.005911607394201086,210.85285714285715,205.50833333333333
AAPL,XNAS,2025-07-23 05:45:00+05:45,215.045,215.1,212.41,214.15,46415026,1,0,-0.004161919598223544,211.64285714285714,205.93166666666667
AAPL,XNAS,2025-07-24 05:45:00+05:45,213.9,215.69,213.53,213.76,45773373,1,0,-0.0006545114539505132,212.30714285714288,206.30133333333333
AAPL,XNAS,2025-07-25 05:45:00+05:45,214.7,215.24,213.4,213.88,40219700,1,0,-0.003819282720074491,212.8385714285714,206.8046666666667
AAPL,XNAS,2025-07-28 05:45:00+05:45,214.03,214.85,213.06,214.05,37796900,1,0,9.344484418077014e-05,213.41428571428568,207.29966666666667
AAPL,XNAS,2025-07-29 05:45:00+05:45,214.18,214.81,210.82,211.27,49943600,1,0,-0.01358670277336818,213.42714285714283,207.79366666666664
AAPL,XNAS,2025-07-30 05:45:00+05:45,211.9,212.39,207.72,209.05,43797200,1,0,-0.013449740443605447,212.93714285714287,208.148
AAPL,XNAS,2025-07-31 05:45:00+05:45,208.49,209.84,207.16,207.57,78744400,1,0,-0.004412681663389207,211.96142857142857,208.5456666666667
AAPL,XNAS,2025-08-01 05:45:00+05:45,210.87,213.58,201.5,202.38,104301700,1,0,-0.040261772656138894,210.28,208.739
AAPL,XNAS,2025-08-04 05:45:00+05:45,204.51,207.88,201.68,203.35,75020600,1,0,-0.005672094274118609,208.79285714285714,208.81733333333335
AAPL,XNAS,2025-08-05 05:45:00+05:45,203.4,205.34,202.16,202.92,44106200,1,0,-0.0023598820058997943,207.22714285714287,208.8646666666667
AAPL,XNAS,2025-08-06 05:45:00+05:45,205.63,215.38,205.59,213.25,106498000,1,0,0.03705684968146673,207.11285714285714,209.29633333333334
AAPL,XNAS,2025-08-07 05:45:00+05:45,218.88,220.85,216.58,220.03,89932900,1,0,0.0052540204678362835,208.36428571428573,209.91199999999998
AAPL,XNAS,2025-08-08 05:45:00+05:45,220.83,231,219.25,229.35,113696100,1,0,0.03858171444097261,211.2642857142857,210.857
AAPL,XNAS,2025-08-11 05:45:00+05:45,227.92,229.56,224.76,227.18,61725300,1,0.26,-0.003246753246753162,214.06571428571428,211.72699999999998
AAPL,XNAS,2025-08-12 05:45:00+05:45,228.01,230.8,227.07,229.65,55626200,1,0,0.0071926669882900526,217.96142857142854,212.543
AAPL,XNAS,2025-08-13 05:45:00+05:45,231.07,235,230.43,233.33,69833200,1,0,0.00978058596961968,222.24428571428572,213.39333333333335
AAPL,XNAS,2025-08-14 05:45:00+05:45,234.06,235.12,230.85,232.78,51857600,1,0,-0.0054686832436127535,226.51,214.0713333333333
AAPL,XNAS,2025-08-15 05:45:00+05:45,234,234.28,229.34,231.59,56010500,1,0,-0.010299145299145284,229.13000000000002,214.6726666666667
AAPL,XNAS,2025-08-18 05:45:00+05:45,231.78,233.12,230.11,230.89,36051605,1,0,-0.003839848131849231,230.68142857142857,215.37066666666666
AAPL,XNAS,2025-08-19 05:45:00+05:45,231.28,232.87,229.35,230.56,39320800,1,0,-0.003113109650639912,230.8542857142857,216.05566666666667
AAPL,XNAS,2025-08-20 05:45:00+05:45,229.98,230.47,225.77,226.01,42190600,1,0,-0.017262370640925295,230.68714285714285,216.55133333333333
AAPL,XNAS,2025-08-21 05:45:00+05:45,226.27,226.52,223.78,224.9,30593700,1,0,-0.00605471339550097,230.00857142857146,216.96766666666664
AAPL,XNAS,2025-08-22 05:45:00+05:45,226.17,229.09,225.41,227.76,42445300,1,0,0.007030110094176962,229.21285714285713,217.52100000000002
AAPL,XNAS,2025-08-25 05:45:00+05:45,226.48,229.3,226.23,227.16,30965700,1,0,0.003002472624514336,228.41,218.139
AAPL,XNAS,2025-08-26 05:45:00+05:45,226.87,229.49,224.69,229.31,54524400,1,0,0.010755057962709912,228.08428571428573,218.81233333333333
AAPL,XNAS,2025-08-27 05:45:00+05:45,228.61,230.9,228.26,230.49,31200700,1,0,0.008223612265430188,228.02714285714288,219.48999999999998
AAPL,XNAS,2025-08-28 05:45:00+05:45,230.81,233.41,229.335,232.56,37892960,1,0,0.007581993847753563,228.31285714285715,220.24133333333336
AAPL,XNAS,2025-08-29 05:45:00+05:45,232.51,233.38,231.37,232.14,39418437,1,0,-0.0015913294051868932,229.1885714285714,220.94
AAPL,XNAS,2025-09-02 05:45:00+05:45,229.25,230.85,226.97,229.72,43804400,1,0,0.002050163576881129,229.87714285714284,221.51466666666664
AAPL,XNAS,2025-09-03 05:45:00+05:45,237.21,238.85,234.36,238.47,66302400,1,0,0.005311749083090894,231.40714285714284,222.317
AAPL,XNAS,2025-09-04 05:45:00+05:45,238.45,239.9,236.74,239.78,47504000,1,0,0.005577689243027941,233.21,223.17133333333334
AAPL,XNAS,2025-09-05 05:45:00+05:45,240,241.32,238.49,239.69,54837300,1,0,-0.0012916666666666762,234.69285714285712,224.03566666666666
AAPL,XNAS,2025-09-08 05:45:00+05:45,239.3,240.15,236.34,237.88,48959400,1,0,-0.005933974091099105,235.74857142857144,224.83566666666667
AAPL,XNAS,2025-09-09 05:45:00+05:45,237,238.78,233.36,234.35,66153200,1,0,-0.011181434599156142,236.00428571428571,225.51233333333332
AAPL,XNAS,2025-09-10 05:45:00+05:45,232.19,232.42,225.95,226.79,83321600,1,0,-0.02325681553899826,235.24,226.02966666666669
AAPL,XNAS,2025-09-11 05:45:00+05:45,226.88,230.45,226.65,230.03,50150900,1,0,0.013883991537376612,235.28428571428572,226.72899999999998
AAPL,XNAS,2025-09-12 05:45:00+05:45,229.22,234.51,229.02,234.07,55776500,1,0,0.021158712154262255,234.65571428571428,227.61233333333334
AAPL,XNAS,2025-09-15 05:45:00+05:45,237,238.19,235.03,236.7,42583729,1,0,-0.0012658227848101745,234.21571428571428,228.75633333333334
AAPL,XNAS,2025-09-16 05:45:00+05:45,237.18,241.22,236.3235,238.15,61246555,1,0,0.004089720887089969,233.99571428571429,229.9163333333333
AAPL,XNAS,2025-09-17 05:45:00+05:45,238.97,240.1,237.73,238.99,46435200,1,0,8.369251370469194e-05,234.15428571428575,231.11866666666666
AAPL,XNAS,2025-09-18 05:45:00+05:45,239.97,241.2,236.65,237.88,44219200,1,0,-0.008709422011084733,234.6585714285714,231.93966666666665
AAPL,XNAS,2025-09-19 05:45:00+05:45,241.23,246.3,240.21,245.5,163470300,1,0,0.01770094930149654,237.33142857142857,232.78866666666667
AAPL,XNAS,2025-09-22 05:45:00+05:45,248.3,256.64,248.12,256.08,105413200,1,0,0.031333064840918134,241.05285714285714,233.67966666666663
AAPL,XNAS,2025-09-23 05:45:00+05:45,255.88,257.34,253.58,254.43,60232300,1,0,-0.005666718774425468,243.96142857142857,234.58800000000002
AAPL,XNAS,2025-09-24 05:45:00+05:45,255.22,255.74,251.04,252.31,42265200,1,0,-0.01140192774860903,246.1914285714286,235.34333333333333
AAPL,XNAS,2025-09-25 05:45:00+05:45,253.21,257.17,251.71,256.87,55061300,1,0,0.014454405434224544,248.8657142857143,236.12800000000001
AAPL,XNAS,2025-09-26 05:45:00+05:45,254.1,257.6,253.78,255.46,46045700,1,0,0.00535222353404177,251.21857142857144,236.88400000000001
AAPL,XNAS,2025-09-29 05:45:00+05:45,254.56,255,253.01,254.43,40091100,1,0,-0.0005106851037083417,253.58285714285716,237.64533333333333
AAPL,XNAS,2025-09-30 05:45:00+05:45,254.86,255.92,253.11,254.63,37666900,1,0,-0.0009024562504905367,254.88714285714286,238.43666666666664
AAPL,XNAS,2025-10-01 05:45:00+05:45,255.04,258.79,254.95,255.45,45889562,1,0,0.0016075909661229478,254.7971428571429,239.26633333333334
AAPL,XNAS,2025-10-02 05:45:00+05:45,256.58,258.18,254.15,257.13,42597200,1,0,0.002143580949411534,255.18285714285716,240.30366666666666
AAPL,XNAS,2025-10-03 05:45:00+05:45,254.67,259.24,253.95,258.02,49107000,1,0,0.013154278085365354,255.99857142857147,241.40766666666667
AAPL,XNAS,2025-10-06 05:45:00+05:45,257.99,259.07,255.05,256.69,44292200,1,0,-0.0050389549982557905,255.97285714285712,242.37199999999999
AAPL,XNAS,2025-10-07 05:45:00+05:45,256.81,257.4,255.43,256.48,31923700,1,0,-0.0012849966901599785,256.11857142857144,243.34933333333336
AAPL,XNAS,2025-10-08 05:45:00+05:45,256.52,258.52,256.11,258.06,36465000,1,0,0.006003430531732499,256.63714285714286,244.30766666666665
AAPL,XNAS,2025-10-09 05:45:00+05:45,257.81,258,253.14,254.04,38270200,1,0,-0.014623172103487103,256.55285714285714,245.09266666666664
AAPL,XNAS,2025-10-10 05:45:00+05:45,254.94,256.38,244,245.27,61782400,1,0,-0.03793049344943904,255.09857142857143,245.51633333333334
AAPL,XNAS,2025-10-13 05:45:00+05:45,249.38,249.69,245.56,247.66,38104400,1,0,-0.00689710481995348,253.74571428571426,246.03366666666668
AAPL,XNAS,2025-10-14 05:45:00+05:45,246.6,248.85,244.7,247.77,35447900,1,0,0.00474452554744532,252.28142857142853,246.63533333333334
AAPL,XNAS,2025-10-15 05:45:00+05:45,249.49,251.82,247.47,249.34,33839800,1,0,-0.0006012265020642338,251.23142857142858,246.99766666666665
AAPL,XNAS,2025-10-16 05:45:00+05:45,248.25,249.04,245.13,247.45,39698000,1,0,-0.0032225579053374075,249.9414285714286,247.25333333333336
AAPL,XNAS,2025-10-17 05:45:00+05:45,248.02,253.38,247.27,252.29,48876500,1,0,0.017216353519877357,249.11714285714288,247.67333333333335
AAPL,XNAS,2025-10-20 05:45:00+05:45,255.89,264.38,255.63,262.24,90370300,1,0,0.024815350345851823,250.28857142857143,248.48533333333336
AAPL,XNAS,2025-10-21 05:45:00+05:45,261.88,265.29,261.83,262.77,46659000,1,0,0.00339850313120508,252.78857142857143,249.43266666666665
AAPL,XNAS,2025-10-22 05:45:00+05:45,262.65,262.85,255.43,258.45,44954300,1,0,-0.01599086236436318,254.32999999999998,250.488
AAPL,XNAS,2025-10-23 05:45:00+05:45,259.94,260.62,258.01,259.58,32647300,1,0,-0.0013849349849965901,256.01714285714286,251.473
AAPL,XNAS,2025-10-24 05:45:00+05:45,261.19,264.13,259.18,262.82,38221700,1,0,0.006240667713158986,257.9428571428571,252.43133333333333
AAPL,XNAS,2025-10-27 05:45:00+05:45,264.88,269.12,264.65,268.81,44701700,1,0,0.01483690727876777,260.9942857142857,253.50166666666667
AAPL,XNAS,2025-10-28 05:45:00+05:45,268.99,269.89,268.15,269,41461500,1,0,3.717610320082867e-05,263.38142857142856,254.53000000000003
AAPL,XNAS,2025-10-29 05:45:00+05:45,269.28,271.41,267.11,269.7,50984000,1,0,0.0015597147950089719,264.44714285714286,255.5536666666667
AAPL,XNAS,2025-10-30 05:45:00+05:45,271.99,274.14,268.48,271.4,68953200,1,0,-0.002169197396963241,265.67999999999995,256.671
AAPL,XNAS,2025-10-31 05:45:00+05:45,276.99,277.32,269.16,270.37,86096700,1,0,-0.02389977977544317,267.3828571428572,257.5
AAPL,XNAS,2025-11-03 05:45:00+05:45,270.42,270.85,266.25,269.05,48150989,1,0,-0.005066193328895808,268.73571428571427,257.93233333333336
AAPL,XNAS,2025-11-05 05:45:00+05:45,268.59,271.7,266.93,270.14,40379287,1,0,0.00577087754570167,269.7814285714286,258.456
AAPL,XNAS,2025-11-06 05:45:00+05:45,267.89,273.4,267.89,269.77,45608876,1,0,0.007017805815819909,269.91857142857145,259.03799999999995
AAPL,XNAS,2025-11-07 05:45:00+05:45,269.795,272.29,266.78,268.47,45140079,1,0,-0.004911136233065804,269.84285714285716,259.42466666666667
AAPL,XNAS,2025-11-10 05:45:00+05:45,268.96,273.73,267.46,269.43,41282100,1,0.26,0.0017474717430102146,269.80428571428575,259.89033333333333
AAPL,XNAS,2025-11-11 05:45:00+05:45,269.81,275.845,269.8,275.25,45848160,1,0,0.02016233645898965,270.3542857142857,260.58433333333335
AAPL,XNAS,2025-11-12 05:45:00+05:45,275.075,275.73,271.87,273.47,48058755,1,0,-0.0058347723348176365,270.79714285714283,261.21233333333333
AAPL,XNAS,2025-11-13 05:45:00+05:45,274.11,276.7,272.09,272.95,49565800,1,0,-0.004231877713326858,271.3542857142857,261.7956666666667
AAPL,XNAS,2025-11-14 05:45:00+05:45,271.05,275.96,269.6,272.41,47399300,1,0,0.005017524441984924,271.67857142857144,262.305
AAPL,XNAS,2025-11-17 05:45:00+05:45,268.72,270.49,265.73,267.46,44918325,1,0,-0.004688895504614645,271.34857142857146,262.61966666666666
AAPL,XNAS,2025-11-18 05:45:00+05:45,269.915,270.705,265.32,267.44,43692217,1,0,-0.009169553377915354,271.20142857142855,262.978
AAPL,XNAS,2025-11-19 05:45:00+05:45,265.525,272.21,265.5,268.56,35871303,1,0,0.011430185481593165,271.07714285714286,263.3806666666667
AAPL,XNAS,2025-11-20 05:45:00+05:45,270.81,275.43,265.92,266.25,43720835,1,0,-0.016838373767586137,269.7914285714286,263.6536666666667
AAPL,XNAS,2025-11-21 05:45:00+05:45,265.88,273.315,265.82,271.49,55524271,1,0,0.021099744245524348,269.50857142857143,264.23533333333336
AAPL,XNAS,2025-11-24 05:45:00+05:45,270.9,276.98,270.9,275.92,61882174,1,0,0.018530823181986115,269.9328571428572,265.257
AAPL,XNAS,2025-11-25 05:45:00+05:45,275.27,280.38,275.25,276.97,46888700,1,0,0.006175754713554131,270.5842857142857,266.23400000000004
AAPL,XNAS,2025-11-26 05:45:00+05:45,276.96,279.53,276.63,277.55,33431400,1,0,0.00213027151935309,272.0257142857143,267.22666666666663
AAPL,XNAS,2025-11-28 05:45:00+05:45,277.26,279,275.9865,278.85,19033072,1,0,0.005734689461155709,273.6557142857143,268.2103333333333
AAPL,XNAS,2025-12-01 05:45:00+05:45,278.01,283.42,276.14,283.1,46528400,1,0,0.01830869393187307,275.73285714285714,269.39866666666666
AAPL,XNAS,2025-12-02 05:45:00+05:45,283,287.4,282.63,286.19,53615500,1,0,0.011272084805653702,278.5814285714286,270.52866666666665
AAPL,XNAS,2025-12-03 05:45:00+05:45,286.2,288.61,283.54,284.15,38438153,1,0,-0.00716282320055909,280.39,271.259
AAPL,XNAS,2025-12-04 05:45:00+05:45,284.095,284.73,278.59,280.7,42680947,1,0,-0.011950227916718134,281.0728571428571,271.8566666666667
AAPL,XNAS,2025-12-05 05:45:00+05:45,280.54,281.14,278.05,278.78,45584026,1,0,-0.00627361517074231,281.33142857142855,272.53433333333334
AAPL,XNAS,2025-12-08 05:45:00+05:45,278.1685,279.6693,276.15,277.89,35028165,1,0,-0.0010011917237214428,281.38,273.1446666666667
AAPL,XNAS,2025-12-09 05:45:00+05:45,278.16,280.03,276.92,277.18,31711233,1,0,-0.003523152142651776,281.14142857142855,273.62333333333333
AAPL,XNAS,2025-12-10 05:45:00+05:45,277.87,279.75,276.44,278.78,31806647,1,0,0.003274912728973866,280.52428571428567,273.9556666666667
AAPL,XNAS,2025-12-11 05:45:00+05:45,279.095,279.58,273.81,278.03,30285187,1,0,-0.0038159049785917143,279.35857142857145,274.2566666666666
AAPL,XNAS,2025-12-12 05:45:00+05:45,277.795,279.22,276.82,278.28,38360082,1,0,0.0017458917547110522,278.52,274.5426666666666
AAPL,XNAS,2025-12-15 05:45:00+05:45,280.02,280.05,272.84,274.11,49752479,1,0,-0.02110563531176333,277.57857142857137,274.633
AAPL,XNAS,2025-12-16 05:45:00+05:45,272.82,275.5,271.79,274.61,37339504,1,0,0.006561102558463531,276.98285714285714,274.77433333333335
AAPL,XNAS,2025-12-17 05:45:00+05:45,275.01,276.16,271.69,271.84,49406521,1,0,-0.011526853568961187,276.11857142857144,274.86733333333336
AAPL,XNAS,2025-12-18 05:45:00+05:45,273.605,273.62,266.96,272.19,51509672,1,0,-0.005171689113868607,275.4057142857143,274.93566666666663
AAPL,XNAS,2025-12-19 05:45:00+05:45,272.145,274.5763,269.9,273.67,111198501,1,0,0.005603630417608386,274.67571428571426,275.06566666666663
AAPL,XNAS,2025-12-22 05:45:00+05:45,272.86,273.88,270.505,270.97,36445199,1,0,-0.006926629040533557,273.6671428571429,275.149
AAPL,XNAS,2025-12-23 05:45:00+05:45,270.84,272.45,269.56,272.36,29357314,1,0,0.00561216954659592,272.82142857142856,275.24666666666667
AAPL,XNAS,2025-12-24 05:45:00+05:45,272.34,275.43,272.2,273.81,17910600,1,0,0.005397664683851169,272.7785714285714,275.1986666666666
AAPL,XNAS,2025-12-26 05:45:00+05:45,274.23,275.37,272.87,273.4,21004185,1,0,-0.0030266564562594933,272.60571428571427,275.1963333333333
AAPL,XNAS,2025-12-29 05:45:00+05:45,274.23,274.36,272.35,273.76,23399554,1,0,-0.0017138898005324991,272.88,275.2233333333333
AAPL,XNAS,2025-12-30 05:45:00+05:45,272.835,274.08,272.28,273.08,22090083,1,0,0.0008979786317737994,273.00714285714287,275.24566666666664
AAPL,XNAS,2025-12-31 05:45:00+05:45,273.06,273.68,271.75,271.86,27293600,1,0,-0.004394638540979962,272.74857142857144,275.39233333333334
AAPL,XNAS,2026-01-02 05:45:00+05:45,272.05,277.8248,269.02,271.01,37746172,1,0,-0.003822826686270981,272.7542857142857,275.5113333333333
AAPL,XNAS,2026-01-05 05:45:00+05:45,270.64,271.51,266.14,267.26,45647200,1,0,-0.012488915164055555,272.0257142857143,275.46799999999996
AAPL,XNAS,2026-01-06 05:45:00+05:45,267,267.55,262.12,262.36,52282100,1,0,-0.017378277153558,270.39,275.3383333333333
AAPL,XNAS,2026-01-07 05:45:00+05:45,263.2,263.68,259.81,260.33,48262000,1,0,-0.010904255319148954,268.5228571428571,274.96633333333335
AAPL,XNAS,2026-01-08 05:45:00+05:45,256.995,259.28,255.7,259.04,50211734,1,0,0.007957353255899982,266.42,274.4036666666667
AAPL,XNAS,2026-01-09 05:45:00+05:45,259.075,260.21,256.2201,259.37,39911019,1,0,0.001138666409340986,264.4614285714286,273.817
AAPL,XNAS,2026-01-12 05:45:00+05:45,259.41,261.3,256.8,260.25,45056584,1,0,0.0032381172661037545,262.80285714285714,273.24033333333335
AAPL,XNAS,2026-01-13 05:45:00+05:45,259.41,261.81,258.39,261.05,41482227,1,0,0.006322038471916989,261.38,272.647
AAPL,XNAS,2026-01-14 05:45:00+05:45,258.72,261.81,256.71,259.96,39954522,1,0,0.004792826221397465,260.33714285714285,271.87566666666663
AAPL,XNAS,2026-01-15 05:45:00+05:45,258.72,261.03,257.05,258.21,34022938,1,0,-0.0019712430426717985,259.7442857142857,270.943
AAPL,XNAS,2026-01-16 05:45:00+05:45,257.9,258.9,254.93,255.53,72018600,1,0,-0.009189608375339187,259.05857142857144,269.989
AAPL,XNAS,2026-01-20 05:45:00+05:45,252.51,254.79,243.42,246.7,77475520,1,0,-0.023008989742980487,257.29571428571427,268.85566666666665
AAPL,XNAS,2026-01-21 05:45:00+05:45,248.71,251.56,245.19,247.65,54151253,1,0,-0.004261991878090958,255.62142857142857,267.818
AAPL,XNAS,2026-01-22 05:45:00+05:45,249.2,251,248.18,248.35,36743336,1,0,-0.0034109149277688376,253.92142857142858,266.8333333333333
AAPL,XNAS,2026-01-23 05:45:00+05:45,247.24,249.41,244.68,248.04,40981809,1,0,0.003235722375020154,252.06285714285715,265.862
AAPL,XNAS,2026-01-26 05:45:00+05:45,251.48,256.56,249.8,255.41,55448748,1,0,0.015627485287100392,251.41285714285715,265.08299999999997
AAPL,XNAS,2026-01-27 05:45:00+05:45,259.14,261.95,258.21,258.27,42113358,1,0,-0.0033572586246816568,251.42142857142855,264.4243333333333
AAPL,XNAS,2026-01-28 05:45:00+05:45,257.56,258.855,254.51,256.44,33041915,1,0,-0.0043485013200807755,251.55142857142854,263.69633333333337
AAPL,XNAS,2026-01-29 05:45:00+05:45,258.07,259.65,254.41,258.28,55636341,1,0,0.0008137327081798719,253.20571428571427,263.1686666666667
AAPL,XNAS,2026-01-30 05:45:00+05:45,255.165,261.64,252.18,259.48,79605051,1,0,0.01691062645739042,254.8957142857143,262.66433333333333
AAPL,XNAS,2026-02-02 05:45:00+05:45,260.02,270.49,259.205,270.01,72890096,1,0,0.038420121529113185,257.98999999999995,262.6033333333333
AAPL,XNAS,2026-02-03 05:45:00+05:45,269.13,271.875,267.61,269.48,63714867,1,0,0.0013004867536135797,261.05285714285714,262.51300000000003
AAPL,XNAS,2026-02-04 05:45:00+05:45,272.29,278.95,272.29,276.49,90458500,1,0,0.015424730985346463,264.0642857142857,262.607
AAPL,XNAS,2026-02-05 05:45:00+05:45,278.02,279.5,273.23,275.91,52178159,1,0,-0.007589382058844533,266.5842857142857,262.77166666666665
AAPL,XNAS,2026-02-06 05:45:00+05:45,277.16,280.905,276.925,278.12,50050812,1,0,0.0034637032760859413,269.68142857142857,262.96366666666665
AAPL,XNAS,2026-02-09 05:45:00+05:45,277.91,278.2,271.7,274.62,44562300,1,0.26,-0.011838364938289447,272.0157142857143,262.99066666666664
AAPL,XNAS,2026-02-10 05:45:00+05:45,274.885,275.36,272.94,273.68,34343365,1,0,-0.004383651345107897,274.04428571428576,263
GOOGL,XNAS,2025-02-11 05:45:00+05:45,185.03,186.94,184.28,185.32,21239519,1,0,0.0015673134086363943,185.32,185.32
GOOGL,XNAS,2025-02-12 05:45:00+05:45,183.22,185.11,181.83,183.61,22072559,1,0,0.00212858858203261,184.465,184.465
GOOGL,XNAS,2025-02-13 05:45:00+05:45,184.32,186.28,183.14,186.14,21402523,1,0,0.009874131944444408,185.0233333333333,185.0233333333333
GOOGL,XNAS,2025-02-14 05:45:00+05:45,185.055,186.4,184.32,185.23,20448437,1,0,0.0009456648023559641,185.075,185.075
GOOGL,XNAS,2025-02-18 05:45:00+05:45,185.6,185.96,181.7401,183.77,29916675,1,0,-0.009859913793103362,184.814,184.814
GOOGL,XNAS,2025-02-19 05:45:00+05:45,184.07,185.46,183.59,185.27,19549396,1,0,0.006519258977562977,184.89,184.89
GOOGL,XNAS,2025-02-20 05:45:00+05:45,184.8,185.31,182.72,184.56,20441462,1,0,-0.001298701298701348,184.84285714285716,184.84285714285716
GOOGL,XNAS,2025-02-21 05:45:00+05:45,185.15,185.34,179.08,179.66,35199239,1,0,-0.02965163381042403,184.03428571428572,184.195
GOOGL,XNAS,2025-02-24 05:45:00+05:45,181.99,183.12,178.885,179.25,29854206,1,0,-0.015055772295181104,183.41142857142856,183.64555555555555
GOOGL,XNAS,2025-02-25 05:45:00+05:45,178.04,178.74,174.6939,175.42,41913411,1,0,-0.01471579420354979,181.88000000000002,182.823
GOOGL,XNAS,2025-02-26 05:45:00+05:45,175.07,176.08,171.5807,172.73,35431268,1,0,-0.013366082138573163,180.09428571428572,181.90545454545455
GOOGL,XNAS,2025-02-27 05:45:00+05:45,173.99,174.56,167.94,168.5,39991015,1,0,-0.03155353755962991,177.91285714285715,180.78833333333333
GOOGL,XNAS,2025-02-28 05:45:00+05:45,168.68,170.61,166.77,170.28,48130565,1,0,0.00948541617263454,175.77142857142857,179.98
GOOGL,XNAS,2025-03-03 05:45:00+05:45,171.925,173.37,165.93,167.01,40770451,1,0,-0.02858804711356708,173.2642857142857,179.05357142857142
GOOGL,XNAS,2025-03-04 05:45:00+05:45,166.24,173.2946,165.8,170.92,45387996,1,0,0.028152069297401217,172.0157142857143,178.51133333333334
GOOGL,XNAS,2025-03-05 05:45:00+05:45,170.52,173.78,169.06,173.02,30954922,1,0,0.014661036828524512,171.1257142857143,178.168125
GOOGL,XNAS,2025-03-06 05:45:00+05:45,170.53,174.81,170.5,172.35,28301953,1,0,0.010672608925115776,170.68714285714285,177.82588235294116
GOOGL,XNAS,2025-03-07 05:45:00+05:45,171.26,174.97,170.27,173.86,27385813,1,0,0.01518159523531486,170.84857142857143,177.60555555555555
GOOGL,XNAS,2025-03-10 05:45:00+05:45,168.26,168.46,163.69,165.87,43604031,1,0.2,-0.014204207773683504,170.47285714285712,176.9878947368421
GOOGL,XNAS,2025-03-11 05:45:00+05:45,164.91,166.75,161.37,164.04,39587406,1,0,-0.005275604875386602,169.58142857142857,176.3405
GOOGL,XNAS,2025-03-12 05:45:00+05:45,166.58,167.6399,163.53,167.11,28372396,1,0,0.003181654460319373,169.5957142857143,175.9009523809524
GOOGL,XNAS,2025-03-13 05:45:00+05:45,166.035,166.13,162.11,162.76,31756211,1,0,-0.019724756828379594,168.43,175.30363636363634
GOOGL,XNAS,2025-03-14 05:45:00+05:45,163.27,166.49,162.45,165.49,31995894,1,0,0.013597109083113852,167.3542857142857,174.87695652173915
GOOGL,XNAS,2025-03-17 05:45:00+05:45,165.03,166.3,163.67,164.29,31184335,1,0,-0.004484033206083798,166.20285714285714,174.43583333333333
GOOGL,XNAS,2025-03-18 05:45:00+05:45,163.675,164.25,156.72,160.67,42074751,1,0,-0.01835955399419596,164.31857142857143,173.8852
GOOGL,XNAS,2025-03-19 05:45:00+05:45,161.76,165.87,161,163.89,34275582,1,0,0.01316765578635012,164.03571428571428,173.5007692307692
GOOGL,XNAS,2025-03-20 05:45:00+05:45,161.57,164.89,160.96,162.8,28138464,1,0,0.007612799405830403,163.85857142857142,173.10444444444443
GOOGL,XNAS,2025-03-21 05:45:00+05:45,161.205,164.24,160.8901,163.99,36625764,1,0,0.017276139077572014,163.41285714285715,172.7789285714286
GOOGL,XNAS,2025-03-24 05:45:00+05:45,167.065,168.32,165.14,167.68,30879129,1,0,0.003681201927393584,164.1157142857143,172.60310344827585
GOOGL,XNAS,2025-03-25 05:45:00+05:45,168.98,170.63,168.315,170.56,24174373,1,0,0.009350218960823841,164.84,172.535
GOOGL,XNAS,2025-03-26 05:45:00+05:45,169,169.61,164.84,165.06,28939326,1,0,-0.023313609467455608,164.95000000000002,171.85966666666667
GOOGL,XNAS,2025-03-27 05:45:00+05:45,164.5,165.42,162,162.24,24508273,1,0,-0.013738601823708152,165.17428571428573,171.14733333333334
GOOGL,XNAS,2025-03-28 05:45:00+05:45,160.49,161.82,153.63,154.33,48669335,1,0,-0.0383824537354352,163.80857142857144,170.08700000000002
GOOGL,XNAS,2025-03-31 05:45:00+05:45,153.11,155.54,150.662,154.64,54603464,1,0,0.009992815622754702,162.64285714285714,169.06733333333332
GOOGL,XNAS,2025-04-01 05:45:00+05:45,153.62,158.1,153.62,157.07,30672899,1,0,0.022458013279520822,161.6542857142857,168.17733333333337
GOOGL,XNAS,2025-04-02 05:45:00+05:45,155.15,158.4052,154.7,157.04,25041730,1,0,0.012181759587495884,160.1342857142857,167.23633333333333
GOOGL,XNAS,2025-04-03 05:45:00+05:45,151.11,152.7799,150.39,150.72,46883371,1,0,-0.002580901330156937,157.29999999999998,166.10833333333332
GOOGL,XNAS,2025-04-04 05:45:00+05:45,148.01,151.07,145.38,145.6,62259539,1,0,-0.016282683602459273,154.51999999999998,164.97299999999998
GOOGL,XNAS,2025-04-07 05:45:00+05:45,141.55,152.85,140.53,146.75,76794136,1,0,0.03673613564111613,152.30714285714285,163.88966666666664
GOOGL,XNAS,2025-04-08 05:45:00+05:45,151.22,152.24,143.03,144.7,52200208,1,0,-0.043115989948419586,150.93142857142857,162.86566666666667
GOOGL,XNAS,2025-04-09 05:45:00+05:45,144.415,159.55,143.905,158.71,70406232,1,0,0.09898556244157475,151.51285714285714,162.39833333333334
GOOGL,XNAS,2025-04-10 05:45:00+05:45,156.54,157.72,149.93,152.82,48021972,1,0,-0.023763894212341888,150.90571428571428,161.87566666666666
GOOGL,XNAS,2025-04-11 05:45:00+05:45,152.9,157.67,152.82,157.14,33636239,1,0,0.02773054283845638,150.92000000000002,161.43766666666667
GOOGL,XNAS,2025-04-14 05:45:00+05:45,159.995,161.72,157.56,159.07,30332957,1,0,-0.005781430669708499,152.11285714285714,161.17299999999997
GOOGL,XNAS,2025-04-15 05:45:00+05:45,159.125,159.65,155.21,156.31,27551534,1,0,-0.017690494893951282,153.64285714285714,160.686
GOOGL,XNAS,2025-04-16 05:45:00+05:45,153.1,155.89,151.51,153.33,28187421,1,0,0.0015022860875246126,154.58285714285714,160.02966666666669
GOOGL,XNAS,2025-04-17 05:45:00+05:45,154.29,154.68,148.5,151.16,33046576,1,0,-0.020286473523883568,155.50571428571428,159.32333333333332
GOOGL,XNAS,2025-04-21 05:45:00+05:45,148.88,148.945,146.1,147.67,26049115,1,0,-0.00812735088662015,153.92857142857142,158.45033333333333
GOOGL,XNAS,2025-04-22 05:45:00+05:45,148.89,152.19,148.54,151.47,26971774,1,0,0.017328228893814312,153.7357142857143,157.97033333333331
GOOGL,XNAS,2025-04-23 05:45:00+05:45,155.61,157.525,153.81,155.35,31128833,1,0,-0.0016708437761070582,153.48,157.68066666666664
GOOGL,XNAS,2025-04-24 05:45:00+05:45,156.15,159.59,155.79,159.28,45893951,1,0,0.020044828690361803,153.51,157.41966666666667
GOOGL,XNAS,2025-04-25 05:45:00+05:45,165.07,166.1,161.04,161.96,56033995,1,0,-0.01884049191252187,154.31714285714287,157.393
GOOGL,XNAS,2025-04-28 05:45:00+05:45,162.425,163.15,158.6,160.61,29745779,1,0,-0.011174388179159597,155.35714285714286,157.23033333333333
GOOGL,XNAS,2025-04-29 05:45:00+05:45,160.325,160.74,157.52,160.16,26808958,1,0,-0.0010291595197255078,156.64285714285714,157.09266666666664
GOOGL,XNAS,2025-04-30 05:45:00+05:45,157.975,159.27,155.4,158.8,34981059,1,0,0.0052223453078019755,158.23285714285717,157.03033333333332
GOOGL,XNAS,2025-05-01 05:45:00+05:45,160.45,161.95,158.91,161.3,30203248,1,0,0.005297600498597836,159.63714285714286,156.94400000000002
GOOGL,XNAS,2025-05-02 05:45:00+05:45,163.405,164.97,161.87,164.03,25715005,1,0,0.003824852360698877,160.87714285714287,156.985
GOOGL,XNAS,2025-05-05 05:45:00+05:45,163,165.39,162.72,164.21,21341814,1,0,0.0074233128834356316,161.5814285714286,156.9923333333333
GOOGL,XNAS,2025-05-06 05:45:00+05:45,162.17,164.8,161.19,163.23,21277210,1,0,0.006536350743047434,161.76285714285717,156.84400000000002
GOOGL,XNAS,2025-05-07 05:45:00+05:45,164.08,165,147.84,151.38,127747554,1,0,-0.07740126767430532,160.44428571428574,156.20466666666664
GOOGL,XNAS,2025-05-08 05:45:00+05:45,155,155.93,152.9,154.28,57498692,1,0,-0.004645161290322573,159.6042857142857,155.84533333333334
GOOGL,XNAS,2025-05-09 05:45:00+05:45,154.17,155.05,152.2,152.75,32435281,1,0,-0.009210611662450461,158.74,155.529
GOOGL,XNAS,2025-05-12 05:45:00+05:45,157.485,159.1,156.25,158.46,44138818,1,0,0.0061910658157919435,158.33428571428573,155.66666666666666
GOOGL,XNAS,2025-05-13 05:45:00+05:45,158.79,160.57,156.16,159.53,42382126,1,0,0.004660243088355748,157.69142857142856,155.82966666666667
GOOGL,XNAS,2025-05-14 05:45:00+05:45,159.96,167,159.61,165.37,48755869,1,0,0.03382095523880968,157.85714285714286,156.1063333333333
GOOGL,XNAS,2025-05-15 05:45:00+05:45,165.84,166.205,162.3732,163.96,33146669,1,0,-0.011336227689339094,157.96142857142857,156.337
GOOGL,XNAS,2025-05-16 05:45:00+05:45,167.725,169.35,165.62,166.19,42846925,1,0,-0.009151885526904139,160.07714285714286,156.85266666666666
GOOGL,XNAS,2025-05-19 05:45:00+05:45,164.51,166.64,164.22,166.54,30426097,1,0,0.01233967539967176,161.82857142857145,157.55066666666667
GOOGL,XNAS,2025-05-20 05:45:00+05:45,166.43,168.5,162.9,163.98,46607656,1,0,-0.014720903683230289,163.43285714285713,158.125
GOOGL,XNAS,2025-05-21 05:45:00+05:45,163.69,173.14,163.56,168.56,73415956,1,0,0.02975135927668156,164.8757142857143,158.92033333333336
GOOGL,XNAS,2025-05-22 05:45:00+05:45,171.85,176.77,170.71,170.87,74864418,1,0,-0.005702647657841081,166.49571428571429,159.32566666666668
GOOGL,XNAS,2025-05-23 05:45:00+05:45,169.055,169.96,167.89,168.47,35211439,1,0,-0.0034604122918577263,166.9385714285714,159.84733333333332
GOOGL,XNAS,2025-05-27 05:45:00+05:45,170.16,173.17,170,172.9,37995670,1,0,0.016102491772449514,168.21571428571428,160.37266666666667
GOOGL,XNAS,2025-05-28 05:45:00+05:45,173.16,175.265,171.9107,172.36,34783997,1,0,-0.004620004620004521,169.09714285714287,160.8156666666667
GOOGL,XNAS,2025-05-29 05:45:00+05:45,174,174.4193,170.63,171.86,29373803,1,0,-0.012298850574712566,169.85714285714286,161.334
GOOGL,XNAS,2025-05-30 05:45:00+05:45,171.35,172.205,167.44,171.74,52639911,1,0,0.0022760431864605473,170.96571428571428,161.94766666666666
GOOGL,XNAS,2025-06-02 05:45:00+05:45,167.84,169.87,167.39,169.03,38612272,1,0,0.007090085795996173,171.03285714285715,162.54333333333335
GOOGL,XNAS,2025-06-03 05:45:00+05:45,167.49,168.475,165.28,166.18,45084903,1,0,-0.00782136246940117,170.36285714285714,163.16033333333334
GOOGL,XNAS,2025-06-04 05:45:00+05:45,166.735,168.215,166.36,168.05,26900838,1,0,0.007886766425765421,170.30285714285716,163.71300000000002
GOOGL,XNAS,2025-06-05 05:45:00+05:45,170.34,170.93,167.59,168.21,36444564,1,0,-0.01250440295878828,169.63285714285715,164.1416666666667
GOOGL,XNAS,2025-06-06 05:45:00+05:45,170.83,174.5,170.83,173.47,35731832,1,0,0.01545396007726972,169.79142857142855,164.61466666666666
GOOGL,XNAS,2025-06-09 05:45:00+05:45,174.54,176.47,174.37,176.09,28935910,1,0.21,0.008880485848516166,170.3957142857143,165.08566666666667
GOOGL,XNAS,2025-06-10 05:45:00+05:45,176.2,181.105,174.91,178.6,61766121,1,0,0.013620885357548273,171.3757142857143,165.68533333333335
GOOGL,XNAS,2025-06-11 05:45:00+05:45,179.77,180.37,176.75,177.35,31646760,1,0,-0.013461645435834765,172.56428571428572,166.25833333333333
GOOGL,XNAS,2025-06-12 05:45:00+05:45,176.18,176.72,174.745,175.7,20941869,1,0,-0.002724486320808367,173.92428571428573,166.82166666666666
GOOGL,XNAS,2025-06-13 05:45:00+05:45,172.44,177.13,172.385,174.67,27663107,1,0,0.012932034330781663,174.87000000000003,167.2673333333333
GOOGL,XNAS,2025-06-16 05:45:00+05:45,174.73,176.94,174.65,176.77,27389208,1,0,0.011675155954901966,176.09285714285716,167.692
GOOGL,XNAS,2025-06-17 05:45:00+05:45,175.7,177.3648,174.58,175.95,24973043,1,0,0.001422879908935686,176.44714285714284,168.08333333333334
GOOGL,XNAS,2025-06-18 05:45:00+05:45,176.01,176.56,173.2,173.32,28707524,1,0,-0.015283222544173615,176.0514285714286,168.41966666666664
GOOGL,XNAS,2025-06-20 05:45:00+05:45,173.945,174.34,165.46,166.64,75659917,1,0,-0.04199603322889423,174.34285714285713,168.92833333333334
GOOGL,XNAS,2025-06-23 05:45:00+05:45,166.27,167.34,162,165.19,57670985,1,0,-0.006495459192879127,172.6057142857143,169.29199999999997
GOOGL,XNAS,2025-06-24 05:45:00+05:45,166.92,168.22,166.13,166.77,40524312,1,0,-0.0008986340762040335,171.32999999999998,169.75933333333333
GOOGL,XNAS,2025-06-25 05:45:00+05:45,167.63,172.36,167.55,170.68,35478989,1,0,0.018194833860287606,170.76,170.16666666666666
GOOGL,XNAS,2025-06-26 05:45:00+05:45,172.43,173.69,169.94,173.54,31796690,1,0,0.0064373948848807355,170.29857142857142,170.63366666666667
GOOGL,XNAS,2025-06-27 05:45:00+05:45,173.54,178.68,171.73,178.53,108140200,1,0,0.028754177711190557,170.66714285714286,171.07233333333335
GOOGL,XNAS,2025-06-30 05:45:00+05:45,180.78,181.23,174.58,176.23,63378856,1,0,-0.025168713353247104,171.08285714285714,171.4813333333333
GOOGL,XNAS,2025-07-01 05:45:00+05:45,175.735,176.09,173.53,175.84,35904526,1,0,0.0005974905397330626,172.39714285714285,171.803
GOOGL,XNAS,2025-07-02 05:45:00+05:45,175.54,178.86,175.07,178.64,29128947,1,0,0.017659792639854132,174.31857142857143,172.20633333333333
GOOGL,XNAS,2025-07-03 05:45:00+05:45,178.5,179.67,177.05,179.53,21689729,1,0,0.005770308123249306,176.14142857142858,172.72466666666665
GOOGL,XNAS,2025-07-07 05:45:00+05:45,179.01,179.297,175.68,176.79,34052655,1,0,-0.012401541813306513,177.0142857142857,172.99899999999997
GOOGL,XNAS,2025-07-08 05:45:00+05:45,177.85,177.95,172.81,174.36,40442535,1,0,-0.019623278043294803,177.1314285714286,173.11533333333333
GOOGL,XNAS,2025-07-09 05:45:00+05:45,175.25,179.44,172.77,176.62,43025594,1,0,0.007817403708987187,176.8585714285714,173.38700000000003
GOOGL,XNAS,2025-07-10 05:45:00+05:45,175.63,178.429,174.38,177.62,29252386,1,0,0.011330638273643508,177.05714285714288,173.54433333333333
GOOGL,XNAS,2025-07-11 05:45:00+05:45,176.785,181.43,176.48,180.19,34282922,1,0,0.019260683881551045,177.67857142857142,173.80533333333332
GOOGL,XNAS,2025-07-14 05:45:00+05:45,181.01,183.67,179.68,181.56,32536632,1,0,0.0030385061598807326,178.0957142857143,174.12866666666665
GOOGL,XNAS,2025-07-15 05:45:00+05:45,182.81,184.22,181.6,182,33448251,1,0,-0.004430829823313835,178.44857142857146,174.47066666666666
GOOGL,XNAS,2025-07-16 05:45:00+05:45,183.235,184.327,182.03,182.97,33104193,1,0,-0.0014462302507709487,179.33142857142857,174.93533333333335
GOOGL,XNAS,2025-07-17 05:45:00+05:45,182.14,184.06,180.48,183.58,31992565,1,0,0.007906006368727497,180.64857142857142,175.51533333333333
GOOGL,XNAS,2025-07-18 05:45:00+05:45,185.4,186.42,183.71,185.06,34014509,1,0,-0.0018338727076591338,181.8542857142857,176.0823333333333
GOOGL,XNAS,2025-07-21 05:45:00+05:45,186.25,190.285,186.15,190.1,45803129,1,0,0.020671140939597286,183.63714285714286,176.81199999999998
GOOGL,XNAS,2025-07-22 05:45:00+05:45,191.495,191.645,187.46,191.34,44660215,1,0,-0.0008094206115042227,185.23,177.40766666666667
GOOGL,XNAS,2025-07-23 05:45:00+05:45,191.5,192.53,189.18,190.23,58681948,1,0,-0.006631853785900837,186.46857142857144,177.879
GOOGL,XNAS,2025-07-24 05:45:00+05:45,197.03,197.95,191,192.17,74881687,1,0,-0.024666294472922973,187.92142857142858,178.33133333333333
GOOGL,XNAS,2025-07-25 05:45:00+05:45,191.98,194.33,191.26,193.18,39785863,1,0,0.006250651109490661,189.37999999999997,178.859
GOOGL,XNAS,2025-07-28 05:45:00+05:45,193.65,194.05,190.84,192.58,38084900,1,0,-0.005525432481280626,190.6657142857143,179.42166666666668
GOOGL,XNAS,2025-07-29 05:45:00+05:45,192.43,195.92,192.08,195.75,41350000,1,0,0.017253027074780405,192.19285714285712,180.12433333333334
GOOGL,XNAS,2025-07-30 05:45:00+05:45,195.6,197.6,194.69,196.53,32332500,1,0,0.0047546012269939,193.11142857142858,180.783
GOOGL,XNAS,2025-07-31 05:45:00+05:45,195.71,195.99,191.09,191.9,51177700,1,0,-0.019467579582034655,193.1914285714286,181.31466666666668
GOOGL,XNAS,2025-08-01 05:45:00+05:45,189.03,190.83,187.82,189.13,34797400,1,0,0.0005290165582182421,193.03428571428572,181.84166666666667
GOOGL,XNAS,2025-08-04 05:45:00+05:45,190.29,195.27,190.12,195.04,31503400,1,0,0.02496190025750171,193.4442857142857,182.78833333333333
GOOGL,XNAS,2025-08-05 05:45:00+05:45,194.71,197.86,193.89,194.67,31571000,1,0,-0.00020543372194556242,193.65714285714284,183.77100000000002
GOOGL,XNAS,2025-08-06 05:45:00+05:45,194.5,196.63,193.67,196.09,21529000,1,0,0.008174807197943463,194.1585714285714,184.74833333333333
GOOGL,XNAS,2025-08-07 05:45:00+05:45,197.06,197.54,194.33,196.52,26291300,1,0,-0.002740282147569228,194.26857142857142,185.60966666666667
GOOGL,XNAS,2025-08-08 05:45:00+05:45,197.22,202.61,197.17,201.42,39123500,1,0,0.021296014602981386,194.96714285714285,186.53900000000002
GOOGL,XNAS,2025-08-11 05:45:00+05:45,200.94,201.48,199.07,201,25810400,1,0,0.0002985965959988169,196.26714285714283,187.288
GOOGL,XNAS,2025-08-12 05:45:00+05:45,201.37,204.5,200.59,203.34,30397900,1,0,0.00978298654218602,198.29714285714286,188.19166666666666
GOOGL,XNAS,2025-08-13 05:45:00+05:45,204.13,204.53,197.51,201.96,28324500,1,0,-0.010630480576103402,199.28571428571428,189.06233333333333
GOOGL,XNAS,2025-08-14 05:45:00+05:45,201.5,204.44,201.225,202.94,25230427,1,0,0.007146401985111651,200.46714285714285,189.87233333333333
GOOGL,XNAS,2025-08-15 05:45:00+05:45,203.85,206.44,201.28,203.9,34911300,1,0,0.000245278390973811,201.58285714285716,190.68466666666666
GOOGL,XNAS,2025-08-18 05:45:00+05:45,204.2,205.265,202.49,203.5,18526594,1,0,-0.0034280117531830983,202.58,191.575
GOOGL,XNAS,2025-08-19 05:45:00+05:45,203.03,203.44,199.96,201.57,24197100,1,0,-0.007191055509038112,202.60142857142858,192.482
GOOGL,XNAS,2025-08-20 05:45:00+05:45,200.73,201.28,196.6,199.32,28911600,1,0,-0.007024361082050499,202.36142857142858,193.23866666666666
GOOGL,XNAS,2025-08-21 05:45:00+05:45,199.75,202.48,199.43,199.75,19656900,1,0,0,201.84857142857143,193.97633333333334
GOOGL,XNAS,2025-08-22 05:45:00+05:45,202.73,208.54,201.3,206.09,42782300,1,0,0.016573768065900527,202.43857142857146,194.8396666666667
GOOGL,XNAS,2025-08-25 05:45:00+05:45,206.43,210.52,205.28,208.49,29904300,1,0,0.009979169694327385,203.23142857142855,195.73733333333334
GOOGL,XNAS,2025-08-26 05:45:00+05:45,207.51,207.85,205.7,207.14,28447100,1,0,-0.0017830466001638695,203.6942857142857,196.57533333333333
GOOGL,XNAS,2025-08-27 05:45:00+05:45,205.7,208.91,205.65,207.48,22985700,1,0,0.00865337870685465,204.26285714285714,197.3923333333333
GOOGL,XNAS,2025-08-28 05:45:00+05:45,207.25,212.22,206.9,211.64,32339307,1,0,0.021182147165259284,205.70142857142855,198.32766666666666
GOOGL,XNAS,2025-08-29 05:45:00+05:45,210.51,214.645,210.2,212.91,39728364,1,0,0.011400883568476584,207.64285714285714,199.256
GOOGL,XNAS,2025-09-02 05:45:00+05:45,208.44,211.68,206.2,211.35,46942300,1,0,0.013960852043753582,209.29999999999998,199.96433333333331
GOOGL,XNAS,2025-09-03 05:45:00+05:45,226.21,231.31,224.79,230.66,102578100,1,0,0.019671986207506247,212.80999999999997,201.275
GOOGL,XNAS,2025-09-04 05:45:00+05:45,229.65,232.37,226.11,232.3,51636400,1,0,0.01153929893315918,216.21142857142854,202.67733333333334
GOOGL,XNAS,2025-09-05 05:45:00+05:45,232.2,235.76,231.9,235,46566300,1,0,0.01205857019810513,220.19142857142856,204.105
GOOGL,XNAS,2025-09-08 05:45:00+05:45,235.47,238.13,233.67,234.04,32441400,1,0.21,-0.006072960462054643,223.98571428571427,205.46699999999998
GOOGL,XNAS,2025-09-09 05:45:00+05:45,234.17,240.47,233.23,239.63,38012800,1,0,0.023316394072682274,227.98428571428573,207.0353333333333
GOOGL,XNAS,2025-09-10 05:45:00+05:45,238.9,241.66,237.85,239.17,35113100,1,0,0.0011301799916282201,231.7357142857143,208.48266666666666
GOOGL,XNAS,2025-09-11 05:45:00+05:45,239.88,242.25,236.25,240.37,30560400,1,0,0.0020426880106720405,235.8814285714286,209.944
GOOGL,XNAS,2025-09-12 05:45:00+05:45,240.37,242.08,238,240.8,26761900,1,0,0.0017889087656529801,237.32999999999998,211.57399999999998
GOOGL,XNAS,2025-09-15 05:45:00+05:45,244.77,252.405,244.71,251.61,57480464,1,0,0.027944601054050753,240.08857142857144,213.6566666666667
GOOGL,XNAS,2025-09-16 05:45:00+05:45,252.08,253.04,249.47,251.16,34085200,1,0,-0.003649635036496413,242.39714285714285,215.52733333333336
GOOGL,XNAS,2025-09-17 05:45:00+05:45,251.22,251.6,246.28,249.53,34032900,1,0,-0.006727171403550664,244.60999999999999,217.35600000000002
GOOGL,XNAS,2025-09-18 05:45:00+05:45,251.68,253.99,249.8,252.03,31200600,1,0,0.0013906547997456862,246.3814285714286,219.22066666666666
GOOGL,XNAS,2025-09-19 05:45:00+05:45,253.25,256,251.81,254.72,55472500,1,0,0.00580454096742349,248.60285714285712,221.16066666666666
GOOGL,XNAS,2025-09-22 05:45:00+05:45,254.43,255.78,250.3,252.53,32255300,1,0,-0.007467672837322665,250.34,222.86433333333332
GOOGL,XNAS,2025-09-23 05:45:00+05:45,253.04,254.36,250.48,251.66,26600700,1,0,-0.005453683212140356,251.89142857142858,224.55299999999997
GOOGL,XNAS,2025-09-24 05:45:00+05:45,251.66,252.35,246.44,247.14,28161600,1,0,-0.01796074068187241,251.25285714285715,226.013
GOOGL,XNAS,2025-09-25 05:45:00+05:45,244.4,246.49,240.74,245.79,30926400,1,0,0.005687397708674248,250.4857142857143,227.47400000000002
GOOGL,XNAS,2025-09-26 05:45:00+05:45,247.07,249.42,245.97,246.54,18479400,1,0,-0.002145141053142839,250.0585714285714,228.92733333333334
GOOGL,XNAS,2025-09-29 05:45:00+05:45,247.85,251.15,242.77,244.05,32452000,1,0,-0.015331853943917624,248.9185714285714,230.26566666666668
GOOGL,XNAS,2025-09-30 05:45:00+05:45,242.81,243.29,239.25,243.1,34700500,1,0,0.0011943494913718219,247.25857142857146,231.5856666666667
GOOGL,XNAS,2025-10-01 05:45:00+05:45,240.8,246.3,238.61,244.9,29649105,1,0,0.017026578073089677,246.1685714285714,233.03
GOOGL,XNAS,2025-10-02 05:45:00+05:45,245.15,246.81,242.3,245.69,25454500,1,0,0.0022027330205996003,245.31571428571428,234.57566666666665
GOOGL,XNAS,2025-10-03 05:45:00+05:45,244.49,246.3,241.66,245.35,30232900,1,0,0.0035175262791933624,245.05999999999997,236.09566666666666
GOOGL,XNAS,2025-10-06 05:45:00+05:45,244.78,251.32,244.58,250.43,28865900,1,0,0.023081951139799026,245.72285714285712,237.57366666666667
GOOGL,XNAS,2025-10-07 05:45:00+05:45,248.27,250.44,245.52,245.76,23164200,1,0,-0.010109960929633139,245.61142857142858,238.81599999999997
GOOGL,XNAS,2025-10-08 05:45:00+05:45,244.96,246.01,243.82,244.62,21274100,1,0,-0.001387981711299818,245.69285714285715,240.06533333333334
GOOGL,XNAS,2025-10-09 05:45:00+05:45,244.47,244.76,239.15,241.53,27828700,1,0,-0.012026015462019871,245.46857142857144,241.20033333333333
GOOGL,XNAS,2025-10-10 05:45:00+05:45,241.43,244.09,235.84,236.57,33073600,1,0,-0.020130058402021346,244.27857142857144,242.03133333333332
GOOGL,XNAS,2025-10-13 05:45:00+05:45,240.21,244.5,239.71,244.15,24976600,1,0,0.01640231464135547,244.05857142857144,243.07266666666666
GOOGL,XNAS,2025-10-14 05:45:00+05:45,241.23,247.12,240.51,245.45,22095400,1,0,0.01749367823239232,244.07285714285715,244.20933333333335
GOOGL,XNAS,2025-10-15 05:45:00+05:45,247.25,252.11,245.99,251.03,26970700,1,0,0.0152881698685541,244.15857142857143,244.88833333333332
GOOGL,XNAS,2025-10-16 05:45:00+05:45,251.77,256.96,250.1,251.46,27955300,1,0,-0.0012312825197601076,244.97285714285712,245.52700000000002
GOOGL,XNAS,2025-10-17 05:45:00+05:45,250.76,254.22,247.81,253.3,29586100,1,0,0.010129207210081434,246.21285714285713,246.13700000000003
GOOGL,XNAS,2025-10-20 05:45:00+05:45,254.69,257.33,254.23,256.55,22328900,1,0,0.007302995798814298,248.35857142857142,246.88733333333337
GOOGL,XNAS,2025-10-21 05:45:00+05:45,254.74,254.88,244.15,250.46,46947200,1,0,-0.016801444610190786,250.34285714285716,247.24833333333336
GOOGL,XNAS,2025-10-22 05:45:00+05:45,254.37,256.36,249.29,251.69,34994400,1,0,-0.01053583362817945,251.42000000000002,247.66566666666668
GOOGL,XNAS,2025-10-23 05:45:00+05:45,252.98,255.04,251.85,253.08,19828400,1,0,0.0003952881650724276,252.51000000000002,248.08933333333334
GOOGL,XNAS,2025-10-24 05:45:00+05:45,256.58,261.68,255.32,259.92,28607600,1,0,0.013017382492789898,253.78,248.72666666666666
GOOGL,XNAS,2025-10-27 05:45:00+05:45,264.82,270.14,264.28,269.27,35159500,1,0,0.016803866777433688,256.32428571428574,249.31533333333334
GOOGL,XNAS,2025-10-28 05:45:00+05:45,269.69,270.73,266.5,267.47,29664400,1,0,-0.008231673402795693,258.34857142857146,249.85899999999998
GOOGL,XNAS,2025-10-29 05:45:00+05:45,267.75,275.34,267.67,274.57,43019400,1,0,0.02547152194211015,260.92285714285714,250.69366666666667
GOOGL,XNAS,2025-10-30 05:45:00+05:45,291.59,291.59,280.06,281.48,74795800,1,0,-0.03467197091806975,265.3542857142857,251.67533333333333
GOOGL,XNAS,2025-10-31 05:45:00+05:45,283.21,286,277.03,281.19,39241400,1,0,-0.007132516507185417,269.56857142857143,252.55766666666668
GOOGL,XNAS,2025-11-03 05:45:00+05:45,282.155,285.53,279.8,283.72,28553316,1,0,0.005546596728748577,273.9457142857143,253.59733333333332
GOOGL,XNAS,2025-11-04 05:45:00+05:45,276.68,281.27,276.26,277.54,28728331,1,0,0.003108283938123513,276.46285714285716,254.46
GOOGL,XNAS,2025-11-05 05:45:00+05:45,278.895,286.33,277.34,284.31,30163316,1,0,0.019415909213144806,278.6114285714286,255.699
GOOGL,XNAS,2025-11-06 05:45:00+05:45,285.33,288.35,281.14,284.75,37082404,1,0,-0.002032734027266618,281.08,256.9976666666667
GOOGL,XNAS,2025-11-07 05:45:00+05:45,283.13,283.78,275.19,278.83,34104158,1,0,-0.015187369759474486,281.68857142857144,258.074
GOOGL,XNAS,2025-11-10 05:45:00+05:45,284.42,290.8,282.86,290.1,29522700,1,0,0.01997046621194011,282.92,259.60900000000004
GOOGL,XNAS,2025-11-11 05:45:00+05:45,287.745,291.915,287.32,291.31,19797487,1,0,0.012389442040695748,284.36571428571426,261.216
GOOGL,XNAS,2025-11-12 05:45:00+05:45,291.675,291.975,283.69,286.71,24763387,1,0,-0.017022370789406126,284.79285714285714,262.60966666666667
GOOGL,XNAS,2025-11-13 05:45:00+05:45,282.3,282.84,277.24,278.57,29402336,1,0,-0.013212894084307538,284.94,263.7056666666667
GOOGL,XNAS,2025-11-14 05:45:00+05:45,271.41,278.56,270.7,276.41,31106700,1,0,0.018422313105633543,283.81142857142856,264.74100000000004
GOOGL,XNAS,2025-11-17 05:45:00+05:45,285.775,293.95,283.57,285.02,52190848,1,0,-0.0026419385880500235,283.85,265.894
GOOGL,XNAS,2025-11-18 05:45:00+05:45,287.86,288.8,278.23,284.28,48955601,1,0,-0.012436601125547283,284.62857142857143,267.178
GOOGL,XNAS,2025-11-19 05:45:00+05:45,287.31,303.68,286.63,292.81,66472876,1,0,0.019143085865441507,285.0157142857143,268.78433333333334
GOOGL,XNAS,2025-11-20 05:45:00+05:45,304.545,306.41,288.67,289.45,61533187,1,0,-0.04956574562051594,284.75,270.38166666666666
GOOGL,XNAS,2025-11-21 05:45:00+05:45,296.415,303.92,293.845,299.66,73848993,1,0,0.010947489162154427,286.6,272.48466666666667
GOOGL,XNAS,2025-11-24 05:45:00+05:45,310.94,319.48,309.595,318.58,81457621,1,0,0.0245706567183379,292.3157142857143,274.96566666666666
GOOGL,XNAS,2025-11-25 05:45:00+05:45,326.21,328.83,317.65,323.44,88490900,1,0,-0.008491462554795935,299.03428571428566,277.5653333333333
GOOGL,XNAS,2025-11-26 05:45:00+05:45,320.68,324.5,316.79,319.95,51373400,1,0,-0.002276412623175808,304.0242857142857,279.8626666666667
GOOGL,XNAS,2025-11-28 05:45:00+05:45,323.35,326.83,316.79,320.18,19849452,1,0,-0.009803618370187152,309.15285714285716,282.15333333333336
GOOGL,XNAS,2025-12-01 05:45:00+05:45,317.7,319.85,313.89,314.89,41132300,1,0,-0.00884482215926976,312.3071428571429,284.20633333333336
GOOGL,XNAS,2025-12-02 05:45:00+05:45,316.74,318.38,313.91,315.81,35801500,1,0,-0.002936162151922734,316.0728571428572,286.1816666666666
GOOGL,XNAS,2025-12-03 05:45:00+05:45,315.76,321.58,314.1,319.63,40155211,1,0,0.012256143906764647,318.92571428571426,288.48733333333337
GOOGL,XNAS,2025-12-04 05:45:00+05:45,322.2,322.36,314.7117,317.62,31121027,1,0,-0.014214773432650478,318.7885714285714,290.685
GOOGL,XNAS,2025-12-05 05:45:00+05:45,319.6675,323.16,319.165,321.27,27751773,1,0,0.005013021342488566,318.4785714285714,292.95799999999997
GOOGL,XNAS,2025-12-08 05:45:00+05:45,320.07,320.44,311.2219,313.72,33362561,1,0.21,-0.019839410129034167,317.5885714285714,294.7513333333334
GOOGL,XNAS,2025-12-09 05:45:00+05:45,312.37,317.99,311.895,317.08,30125542,1,0,0.015078272561385471,317.1457142857143,296.345
GOOGL,XNAS,2025-12-10 05:45:00+05:45,316.01,321.31,314.68,320.21,31191780,1,0,0.01329071864814401,317.9057142857143,298.103
GOOGL,XNAS,2025-12-11 05:45:00+05:45,320.08,321.12,308.61,312.43,39787942,1,0,-0.023900274931267115,317.42285714285714,299.365
GOOGL,XNAS,2025-12-12 05:45:00+05:45,313.72,314.85,305.56,309.29,33798211,1,0,-0.014120872115262037,315.94571428571425,300.292
GOOGL,XNAS,2025-12-15 05:45:00+05:45,311.325,311.42,304.88,308.22,29036024,1,0,-0.009973500361358585,314.6028571428572,301.19300000000004
GOOGL,XNAS,2025-12-16 05:45:00+05:45,304.782,310.77,302.59,306.57,30447191,1,0,0.005866488178435771,312.5028571428571,301.95466666666664
GOOGL,XNAS,2025-12-17 05:45:00+05:45,308.01,308.09,296.12,296.72,43657061,1,0,-0.03665465406967294,310.07428571428574,302.594
GOOGL,XNAS,2025-12-18 05:45:00+05:45,301.72,303.96,299.2308,302.46,32122646,1,0,0.002452605064297866,307.9857142857143,303.199
GOOGL,XNAS,2025-12-19 05:45:00+05:45,301.8,307.25,300.97,307.16,59497254,1,0,0.017760106030483808,306.12142857142857,303.946
GOOGL,XNAS,2025-12-22 05:45:00+05:45,309.875,310.13,305.3,309.78,25260037,1,0,-0.0003065752319484543,305.74285714285713,304.97766666666666
GOOGL,XNAS,2025-12-23 05:45:00+05:45,309.625,314.94,309.32,314.35,24762281,1,0,0.015260395639887034,306.46571428571434,305.786
GOOGL,XNAS,2025-12-24 05:45:00+05:45,314.77,315.08,311.92,314.09,10097400,1,0,-0.002160307526130212,307.30428571428575,306.5453333333333
GOOGL,XNAS,2025-12-26 05:45:00+05:45,314.52,315.085,312.275,313.51,10832233,1,0,-0.003211242528297059,308.2957142857143,307.4386666666667
GOOGL,XNAS,2025-12-29 05:45:00+05:45,314.52,314.02,310.65,313.56,17812843,1,0,-0.003052270125906078,310.70142857142855,308.60499999999996
GOOGL,XNAS,2025-12-30 05:45:00+05:45,312.5,316.95,312.46,313.85,17129365,1,0,0.004320000000000073,312.3285714285715,309.853
GOOGL,XNAS,2025-12-31 05:45:00+05:45,312.85,314.58,311.44,313,16377700,1,0,0.0004794630014383163,313.16285714285715,310.78566666666666
GOOGL,XNAS,2026-01-02 05:45:00+05:45,316.99,322.5,310.33,315.15,31963547,1,0,-0.005804599514180359,313.92999999999995,311.8146666666666
GOOGL,XNAS,2026-01-05 05:45:00+05:45,317.605,319.01,314.63,316.54,30145691,1,0,-0.0033532217691786895,314.24285714285713,312.60566666666665
GOOGL,XNAS,2026-01-06 05:45:00+05:45,316.4,320.94,311.78,314.34,31212101,1,0,-0.006510745891276873,314.2785714285714,313.4353333333333
GOOGL,XNAS,2026-01-07 05:45:00+05:45,314.36,326.15,314.19,321.98,35062200,1,0,0.024239725155872263,315.48857142857145,314.1793333333333
GOOGL,XNAS,2026-01-08 05:45:00+05:45,328.965,330.3196,321.5,325.44,31106653,1,0,-0.010715425653184922,317.1857142857143,314.408
GOOGL,XNAS,2026-01-09 05:45:00+05:45,327.08,330.83,325.8,328.57,26015743,1,0,0.004555460437813407,319.2885714285714,314.579
GOOGL,XNAS,2026-01-12 05:45:00+05:45,325.72,334.04,325,331.86,33558372,1,0,0.01885054648164063,321.98285714285714,314.976
GOOGL,XNAS,2026-01-13 05:45:00+05:45,325.72,340.48,333.62,335.97,33429925,1,0,0.03146874616234803,324.95714285714286,315.5023333333333
GOOGL,XNAS,2026-01-14 05:45:00+05:45,334.62,336.52,330.48,335.84,28340729,1,0,0.0036459267228497114,327.7142857142857,316.2006666666667
GOOGL,XNAS,2026-01-15 05:45:00+05:45,337.51,337.69,330.74,332.78,28167935,1,0,-0.014014399573346029,330.34857142857146,316.76633333333336
GOOGL,XNAS,2026-01-16 05:45:00+05:45,334.41,334.65,327.7,330,40250800,1,0,-0.01318740468287439,331.4942857142857,317.112
GOOGL,XNAS,2026-01-20 05:45:00+05:45,320.87,327.73,320.48,322,35085220,1,0,0.003521675444884207,331.0028571428571,317.25800000000004
GOOGL,XNAS,2026-01-21 05:45:00+05:45,320.865,332.4799,319.3518,328.38,35014518,1,0,0.02342106493385064,330.9757142857143,317.495
GOOGL,XNAS,2026-01-22 05:45:00+05:45,334.45,335.14,328.75,330.54,25592097,1,0,-0.011690835700403553,330.78714285714284,318.0556666666667
GOOGL,XNAS,2026-01-23 05:45:00+05:45,332.485,333.6889,327.45,327.93,26972366,1,0,-0.01369986615937563,329.6385714285714,318.41733333333326
GOOGL,XNAS,2026-01-26 05:45:00+05:45,327.81,335.84,327,333.26,25140888,1,0,0.016625484274427223,329.27,318.8523333333333
GOOGL,XNAS,2026-01-27 05:45:00+05:45,335.365,337.91,333.48,334.55,19734941,1,0,-0.0024301880041149126,329.5228571428571,319.5896666666667
GOOGL,XNAS,2026-01-28 05:45:00+05:45,335.69,337.535,331.94,336.01,26310723,1,0,0.0009532604486281783,330.38142857142856,320.48033333333336
GOOGL,XNAS,2026-01-29 05:45:00+05:45,340.69,342.26,326.54,338.25,39178118,1,0,-0.007161936070914901,332.70285714285717,321.48133333333334
GOOGL,XNAS,2026-01-30 05:45:00+05:45,334.32,339.95,332.285,338,26924773,1,0,0.011007418042593942,334.07714285714286,322.52900000000005
GOOGL,XNAS,2026-02-02 05:45:00+05:45,334.32,344.83,335.63,343.69,31667686,1,0,0.02802703996171334,335.9557142857143,324.0946666666667
GOOGL,XNAS,2026-02-03 05:45:00+05:45,347.34,349,337.4745,339.71,35791301,1,0,-0.02196694881096331,337.6385714285715,325.33633333333336
GOOGL,XNAS,2026-02-04 05:45:00+05:45,342.96,343.31,328.52,333.04,70110700,1,0,-0.02892465593655225,337.60714285714283,326.19899999999996
GOOGL,XNAS,2026-02-05 05:45:00+05:45,312.225,332.69,306.46,331.25,87068779,1,0,0.06093362158699648,337.13571428571424,326.9146666666666
GOOGL,XNAS,2026-02-06 05:45:00+05:45,327.555,330.33,319.92,322.86,56142146,1,0,-0.014333470714841761,335.25714285714287,327.1983333333334
GOOGL,XNAS,2026-02-09 05:45:00+05:45,320.93,327.7,317.26,324.32,39540408,1,0,0.010563051132645706,333.26714285714286,327.53933333333333
GOOGL,XNAS,2026-02-10 05:45:00+05:45,320.97,321.67,314.61,318.58,39170012,1,0,-0.007446178770601748,330.49285714285713,327.7083333333333
MSFT,XNAS,2025-02-11 05:45:00+05:45,409.64,412.49,409.3,411.44,18122500,1,0,0.004394102138463069,411.44,411.44
MSFT,XNAS,2025-02-12 05:45:00+05:45,407.88,410.75,404.3673,409.04,16681433,1,0,0.002843973717760187,410.24,410.24
MSFT,XNAS,2025-02-13 05:45:00+05:45,407.032,411,406.36,410.54,22907230,1,0,0.008618486998565317,410.34,410.34
MSFT,XNAS,2025-02-14 05:45:00+05:45,407.79,408.91,405.88,408.43,22758464,1,0,0.0015694352485347515,409.8625,409.8625
MSFT,XNAS,2025-02-18 05:45:00+05:45,408.195,410.597,406.55,409.64,20526137,1,0,0.003539974766961852,409.81800000000004,409.81800000000004
MSFT,XNAS,2025-02-19 05:45:00+05:45,407.88,415.49,407.65,414.77,24052500,1,0,0.016892223202902783,410.6433333333334,410.6433333333334
MSFT,XNAS,2025-02-20 05:45:00+05:45,415.29,419.31,412.54,416.13,23461700,1,0.83,0.0020226829444483976,411.4271428571428,411.4271428571428
MSFT,XNAS,2025-02-21 05:45:00+05:45,417.34,418.05,407.89,408.21,27448200,1,0,-0.02187664733790194,410.9657142857142,411.025
MSFT,XNAS,2025-02-24 05:45:00+05:45,408.51,409.37,399.32,404,26404000,1,0,-0.011040121416856358,410.24571428571426,410.2444444444444
MSFT,XNAS,2025-02-25 05:45:00+05:45,401.1,401.92,396.7,397.9,29318100,1,0,-0.00797806033408139,408.44,409.01
MSFT,XNAS,2025-02-26 05:45:00+05:45,398.01,403.6,394.25,399.73,19587900,1,0,0.004321499459812636,407.1971428571428,408.16636363636366
MSFT,XNAS,2025-02-27 05:45:00+05:45,401.27,405.74,392.17,392.53,21065800,1,0,-0.021780845814538864,404.7528571428571,406.8633333333333
MSFT,XNAS,2025-02-28 05:45:00+05:45,392.66,397.63,386.57,396.99,32826500,1,0,0.011027351907502633,402.2128571428571,406.1038461538462
MSFT,XNAS,2025-03-03 05:45:00+05:45,398.82,398.82,386.16,388.49,22923499,1,0,-0.02590140915701315,398.2642857142857,404.8457142857143
MSFT,XNAS,2025-03-04 05:45:00+05:45,383.35,392.58,381,388.61,29059684,1,0,0.013721142559019149,395.4642857142857,403.7633333333333
MSFT,XNAS,2025-03-05 05:45:00+05:45,389.34,401.67,388.81,401.02,23273389,1,0,0.02999948631016594,395.0385714285714,403.591875
MSFT,XNAS,2025-03-06 05:45:00+05:45,394.28,402.15,392.6777,396.89,22340526,1,0,0.00661966115450952,394.89428571428573,403.1976470588235
MSFT,XNAS,2025-03-07 05:45:00+05:45,392.32,394.8,385.54,393.31,22017200,1,0,0.0025234502446982287,393.9771428571429,402.6483333333333
MSFT,XNAS,2025-03-10 05:45:00+05:45,385.84,386.4,377.23,380.16,32680923,1,0,-0.014721127928674969,392.21,401.46473684210525
MSFT,XNAS,2025-03-11 05:45:00+05:45,379,385.96,377.01,380.45,28107218,1,0,0.0038258575197888884,389.8471428571429,400.414
MSFT,XNAS,2025-03-12 05:45:00+05:45,382.95,385.22,378.95,383.27,24213900,1,0,0.0008356182269225569,389.1014285714286,399.597619047619
MSFT,XNAS,2025-03-13 05:45:00+05:45,383.155,385.3099,377.45,378.77,20280230,1,0,-0.011444454594093751,387.69571428571425,398.65090909090907
MSFT,XNAS,2025-03-14 05:45:00+05:45,379.78,390.23,379.51,388.56,19929300,1,0,0.02311864763810635,385.91571428571433,398.21217391304344
MSFT,XNAS,2025-03-17 05:45:00+05:45,386.7,392.71,385.57,388.7,22463400,1,0,0.00517196793379881,384.74571428571426,397.81583333333333
MSFT,XNAS,2025-03-18 05:45:00+05:45,387.28,387.37,381.14,383.52,17266696,1,0,-0.009708737864077647,383.34714285714284,397.244
MSFT,XNAS,2025-03-19 05:45:00+05:45,385.53,389.68,384,387.82,19165300,1,0,0.0059398749773040245,384.4414285714286,396.88153846153847
MSFT,XNAS,2025-03-20 05:45:00+05:45,385.735,391.785,383.29,386.84,18380423,1,0,0.0028646609719106676,385.3542857142857,396.5096296296296
MSFT,XNAS,2025-03-21 05:45:00+05:45,383.22,391.74,382.8,391.26,39571500,1,0,0.020980115860341222,386.4957142857143,396.32214285714286
MSFT,XNAS,2025-03-24 05:45:00+05:45,395.4,395.4,389.81,393.08,20132071,1,0,-0.005867475973697504,388.53999999999996,396.2103448275862
MSFT,XNAS,2025-03-25 05:45:00+05:45,393.915,396.36,392.64,395.16,14435115,1,0,0.0031605803282434143,389.4828571428571,396.17533333333336
MSFT,XNAS,2025-03-26 05:45:00+05:45,395.01,395.31,388.57,389.97,16097312,1,0,-0.012759170653907404,389.6642857142857,395.45966666666664
MSFT,XNAS,2025-03-27 05:45:00+05:45,390.13,392.24,387.4,390.58,13434223,1,0,0.0011534616666239168,390.67285714285714,394.84433333333334
MSFT,XNAS,2025-03-28 05:45:00+05:45,388.08,389.13,376.93,378.8,21613100,1,0,-0.0239125953411667,389.3842857142857,393.78633333333335
MSFT,XNAS,2025-03-31 05:45:00+05:45,372.54,377.07,367.24,375.39,35158100,1,0,0.007650185215010377,387.74857142857144,392.685
MSFT,XNAS,2025-04-01 05:45:00+05:45,374.65,382.85,373.23,382.19,19661900,1,0,0.020125450420392422,386.45285714285717,391.77000000000004
MSFT,XNAS,2025-04-02 05:45:00+05:45,377.965,385.08,376.62,382.14,15524858,1,0,0.011045996322410837,384.89,390.6823333333333
MSFT,XNAS,2025-04-03 05:45:00+05:45,374.79,377.48,369.35,373.11,30147000,1,0,-0.004482510205715219,381.74000000000007,389.24833333333333
MSFT,XNAS,2025-04-04 05:45:00+05:45,364.13,374.59,359.48,359.84,49138700,1,0,-0.011781506604784062,377.43571428571425,387.636
MSFT,XNAS,2025-04-07 05:45:00+05:45,350.36,370.9999,344.79,357.86,49927100,1,0,0.02140655325950451,372.76142857142855,386.09799999999996
MSFT,XNAS,2025-04-08 05:45:00+05:45,368.255,373.65,350.25,354.56,34995691,1,0,-0.03718890442763844,369.2985714285714,384.65333333333336
MSFT,XNAS,2025-04-09 05:45:00+05:45,353.38,393.225,353.31,390.49,49070507,1,0,0.10501443205614357,371.4557142857143,384.3453333333334
MSFT,XNAS,2025-04-10 05:45:00+05:45,382.37,383.9,367.82,381.35,37488366,1,0,-0.0026675732928838083,371.3357142857143,383.9726666666666
MSFT,XNAS,2025-04-11 05:45:00+05:45,380.64,390.05,378.89,388.45,23828700,1,0,0.020518074821353517,372.2371428571428,383.688
MSFT,XNAS,2025-04-14 05:45:00+05:45,393.22,394.64,384.21,387.81,18941747,1,0,-0.013758201515691024,374.3371428571428,383.6653333333333
MSFT,XNAS,2025-04-15 05:45:00+05:45,388.505,391.89,384.21,385.73,17074637,1,0,-0.007142765215376835,378.0357142857143,383.5693333333333
MSFT,XNAS,2025-04-16 05:45:00+05:45,380.495,381.61,368.2,371.61,21585114,1,0,-0.023351160987660786,380,382.589
MSFT,XNAS,2025-04-17 05:45:00+05:45,373.745,374.3215,366.89,367.78,21120192,1,0,-0.015960079733508225,381.8885714285715,381.6186666666666
MSFT,XNAS,2025-04-21 05:45:00+05:45,363.12,364.48,355.6738,359.12,19637770,1,0,-0.011015642211940955,377.40714285714284,380.479
MSFT,XNAS,2025-04-22 05:45:00+05:45,363.42,367.76,359.8602,366.82,17975458,1,0,0.00935556656210439,375.33142857142855,380.03433333333334
MSFT,XNAS,2025-04-23 05:45:00+05:45,376.3,380.39,373.03,374.39,20501048,1,0,-0.005075737443529165,373.3228571428572,379.83233333333334
MSFT,XNAS,2025-04-24 05:45:00+05:45,375.7,388.45,375.19,387.3,22191100,1,0,0.03087569869576796,373.25,379.96666666666664
MSFT,XNAS,2025-04-25 05:45:00+05:45,387,392.16,384.6,391.85,18963600,1,0,0.012532299741602125,374.12428571428575,380.4026666666667
MSFT,XNAS,2025-04-28 05:45:00+05:45,391.66,392.74,386.638,391.16,16524162,1,0,-0.0012766174743399886,376.9171428571429,380.4893333333333
MSFT,XNAS,2025-04-29 05:45:00+05:45,391.3,395,390.38,394.04,14268415,1,0,0.0070023000255558625,380.6685714285714,380.6673333333334
MSFT,XNAS,2025-04-30 05:45:00+05:45,390.305,396.65,384.44,395.26,32157276,1,0,0.0126951999077644,385.8314285714286,381.0586666666667
MSFT,XNAS,2025-05-01 05:45:00+05:45,431.11,436.99,424.9,425.4,58862100,1,0,-0.01324487949711219,394.19999999999993,382.3113333333333
MSFT,XNAS,2025-05-02 05:45:00+05:45,431.74,439.44,429.99,435.28,30741600,1,0,0.00819937925603364,402.8985714285714,383.926
MSFT,XNAS,2025-05-05 05:45:00+05:45,432.87,439.5,432.11,436.17,20116100,1,0,0.007623535934576227,409.88000000000005,385.42299999999994
MSFT,XNAS,2025-05-06 05:45:00+05:45,431.79,437.73,431.24,433.31,14973689,1,0,0.0035202297413093903,415.80285714285714,386.764
MSFT,XNAS,2025-05-07 05:45:00+05:45,433.84,438.12,431.1103,433.35,23259586,1,0,-0.0011294486446615164,421.83,388.03700000000003
MSFT,XNAS,2025-05-08 05:45:00+05:45,437.93,443.67,435.66,438.17,23408400,1,0,0.00054803279062866,428.13428571428574,389.6436666666667
MSFT,XNAS,2025-05-09 05:45:00+05:45,440,440.74,435.88,438.73,15313100,1,0,-0.002886363636363595,434.3442857142857,391.2486666666667
MSFT,XNAS,2025-05-12 05:45:00+05:45,445.9,449.3,439.78,449.26,22735620,1,0,0.007535321821036138,437.7528571428572,393.5973333333333
MSFT,XNAS,2025-05-13 05:45:00+05:45,447.99,450.6733,445.36,449.14,22884853,1,0,0.0025670215853031927,439.73285714285714,396.0556666666667
MSFT,XNAS,2025-05-14 05:45:00+05:45,448.14,453.9,448.14,452.94,19870100,1,0,0.010710938545990117,442.12857142857143,398.414
MSFT,XNAS,2025-05-15 05:45:00+05:45,450.77,456.19,450.43,453.13,21980800,1,0.83,0.005235485946269746,444.96,400.7803333333333
MSFT,XNAS,2025-05-16 05:45:00+05:45,452.05,454.36,448.73,454.27,23803400,1,0,0.004910961176860901,447.9485714285714,403.48566666666665
MSFT,XNAS,2025-05-19 05:45:00+05:45,450.88,459.59,450.8,458.87,21316500,1,0,0.017720901348474115,450.9057142857143,406.78666666666663
MSFT,XNAS,2025-05-20 05:45:00+05:45,455.59,458.34,454.32,458.17,15431900,1,0,0.0056629864571216245,453.68285714285713,410.13033333333334
MSFT,XNAS,2025-05-21 05:45:00+05:45,454.94,457.78,451.814,452.57,18399615,1,0,-0.005209478172945893,454.1557142857142,413.39733333333334
MSFT,XNAS,2025-05-22 05:45:00+05:45,454.74,460.245,453.91,454.86,17983198,1,0,0.00026388705633989654,454.97285714285715,415.54299999999995
MSFT,XNAS,2025-05-23 05:45:00+05:45,449.98,453.69,448.91,450.18,16883509,1,0,0.0004444641984087929,454.57857142857137,417.83733333333333
MSFT,XNAS,2025-05-27 05:45:00+05:45,456.48,460.95,456.115,460.69,20871931,1,0,0.009222747984577593,455.65857142857146,420.24533333333335
MSFT,XNAS,2025-05-28 05:45:00+05:45,461.22,462.52,456.94,457.36,16766505,1,0,-0.00836910801786569,456.1,422.5636666666667
MSFT,XNAS,2025-05-29 05:45:00+05:45,461.51,461.72,455.3105,458.68,13905997,1,0,-0.0061320448094298804,456.0728571428571,424.9953333333333
MSFT,XNAS,2025-05-30 05:45:00+05:45,459.72,461.68,455.54,460.36,34760500,1,0,0.0013921517445401252,456.3857142857143,427.95366666666666
MSFT,XNAS,2025-06-02 05:45:00+05:45,457,462.11,456.89,461.97,16546045,1,0,0.01087527352297599,457.72857142857146,431.0933333333333
MSFT,XNAS,2025-06-03 05:45:00+05:45,461.47,464.115,460.8622,462.97,15721919,1,0,0.0032504821548529697,458.88714285714286,434.55500000000006
MSFT,XNAS,2025-06-04 05:45:00+05:45,464,465.69,463.0201,463.87,14162688,1,0,-0.0002801724137930936,460.84285714285716,437.78999999999996
MSFT,XNAS,2025-06-05 05:45:00+05:45,464.96,469.65,464.03,467.68,20131700,1,0,0.005849965588437774,461.8414285714286,440.89966666666663
MSFT,XNAS,2025-06-06 05:45:00+05:45,470.09,473.34,468.78,470.38,15278600,1,0,0.0006169031462060893,463.70142857142855,443.66900000000004
MSFT,XNAS,2025-06-09 05:45:00+05:45,469.7,473.43,468.62,472.75,16456400,1,0,0.006493506493506518,465.7114285714286,446.3656666666667
MSFT,XNAS,2025-06-10 05:45:00+05:45,471.19,472.8,466.96,470.92,15361500,1,0,-0.0005730172541861708,467.21999999999997,449.0243333333334
MSFT,XNAS,2025-06-11 05:45:00+05:45,470.02,475.47,469.66,472.62,16376800,1,0,0.005531679502999921,468.7414285714285,451.64366666666666
MSFT,XNAS,2025-06-12 05:45:00+05:45,475.02,480.42,473.52,478.87,18909400,1,0,0.008104921898025395,471.0128571428572,454.4306666666667
MSFT,XNAS,2025-06-13 05:45:00+05:45,476.41,479.18,472.76,474.96,16806900,1,0,-0.0030435969018283524,472.5971428571429,456.0826666666666
MSFT,XNAS,2025-06-16 05:45:00+05:45,475.21,480.69,475,479.14,15580000,1,0,0.008270027987626537,474.2342857142857,457.54466666666667
MSFT,XNAS,2025-06-17 05:45:00+05:45,475.4,478.74,474.08,478.04,15384700,1,0,0.005553218342448556,475.3285714285715,458.94033333333334
MSFT,XNAS,2025-06-18 05:45:00+05:45,478,481,474.46,480.24,17513200,1,0,0.004686192468619266,476.3985714285714,460.50466666666665
MSFT,XNAS,2025-06-20 05:45:00+05:45,482.23,483.46,476.87,477.4,37576206,1,0,-0.010015967484395498,477.32428571428574,461.97299999999996
MSFT,XNAS,2025-06-23 05:45:00+05:45,478.21,487.75,472.51,486,24813200,1,0,0.016289914472721233,479.2357142857142,463.56733333333335
MSFT,XNAS,2025-06-24 05:45:00+05:45,488.95,491.85,486.8,490.11,22299100,1,0,0.002372430718887463,480.84142857142854,465.28
MSFT,XNAS,2025-06-25 05:45:00+05:45,492.04,494.56,489.39,492.27,17475600,1,0,0.00046744167140874997,483.3142857142857,466.71366666666665
MSFT,XNAS,2025-06-26 05:45:00+05:45,492.98,498.04,492.81,497.45,21549200,1,0,0.00906730496166167,485.92999999999995,468.32399999999996
MSFT,XNAS,2025-06-27 05:45:00+05:45,497.55,499.3,493.03,495.94,34532600,1,0,-0.0032358556928952136,488.4871428571428,469.7573333333333
MSFT,XNAS,2025-06-30 05:45:00+05:45,497.04,500.76,495.33,497.41,28358400,1,0,0.0007444068887815961,490.94000000000005,471.23333333333335
MSFT,XNAS,2025-07-01 05:45:00+05:45,496.47,498.05,490.98,492.05,19929500,1,0,-0.008902854150301157,493.03285714285715,472.4926666666667
MSFT,XNAS,2025-07-02 05:45:00+05:45,489.99,493.5,488.7,491.09,16310800,1,0,0.0022449437743626726,493.76000000000005,473.56666666666666
MSFT,XNAS,2025-07-03 05:45:00+05:45,493.81,500.13,493.44,498.84,13984829,1,0,0.010186103967112801,495.00714285714287,474.9223333333333
MSFT,XNAS,2025-07-07 05:45:00+05:45,497.38,498.75,495.225,497.72,13791130,1,0,0.0006835819695203503,495.7857142857143,476.4273333333333
MSFT,XNAS,2025-07-08 05:45:00+05:45,497.24,498.2,494.11,496.62,11838500,1,0,-0.0012468827930174654,495.6671428571429,477.8193333333333
MSFT,XNAS,2025-07-09 05:45:00+05:45,500.3,506.78,499.74,503.51,18641200,1,0,0.006416150309814071,496.74857142857144,479.597
MSFT,XNAS,2025-07-10 05:45:00+05:45,503.05,504.44,497.75,501.48,16492100,1,0,-0.003120962131000881,497.33,480.95666666666665
MSFT,XNAS,2025-07-11 05:45:00+05:45,498.47,505.03,497.8,503.32,16455000,1,0,0.009729773105703384,498.94,482.48866666666675
MSFT,XNAS,2025-07-14 05:45:00+05:45,501.52,503.97,501.03,503.02,12052100,1,0,0.002990907640772053,500.6442857142857,483.96666666666664
MSFT,XNAS,2025-07-15 05:45:00+05:45,503.02,508.3,502.79,505.82,14906100,1,0,0.005566379070414718,501.6414285714286,485.48199999999997
MSFT,XNAS,2025-07-16 05:45:00+05:45,505.18,506.72,501.89,505.62,15146200,1,0,0.0008709766815788387,502.77,486.937
MSFT,XNAS,2025-07-17 05:45:00+05:45,505.68,513.37,505.62,511.7,17491600,1,0,0.01190476190476187,504.92428571428576,488.5613333333333
MSFT,XNAS,2025-07-18 05:45:00+05:45,514.48,514.64,507.43,510.05,21203400,1,0,-0.008610635981962383,505.8585714285714,490.10066666666665
MSFT,XNAS,2025-07-21 05:45:00+05:45,506.71,512.09,505.55,510.06,14057700,1,0,0.006611276667127199,507.08428571428567,491.5133333333333
MSFT,XNAS,2025-07-22 05:45:00+05:45,510.97,511.2,505.27,505.27,13845300,1,0,-0.011155253733095965,507.36285714285714,492.6763333333333
MSFT,XNAS,2025-07-23 05:45:00+05:45,506.75,506.79,500.7,505.87,16388300,1,0,-0.0017365564874198232,507.77000000000004,493.7803333333333
MSFT,XNAS,2025-07-24 05:45:00+05:45,508.77,513.67,507.3,510.88,16097400,1,0,0.004147257110285618,508.49285714285713,495.1123333333333
MSFT,XNAS,2025-07-25 05:45:00+05:45,512.47,518.29,510.36,513.71,19106400,1,0,0.002419653833395143,509.6485714285714,496.482
MSFT,XNAS,2025-07-28 05:45:00+05:45,514.08,515,510.12,512.5,14293300,1,0,-0.003073451602863447,509.7628571428572,497.603
MSFT,XNAS,2025-07-29 05:45:00+05:45,515.53,517.62,511.56,512.57,16444700,1,0,-0.005741663918685475,510.1228571428572,498.8566666666667
MSFT,XNAS,2025-07-30 05:45:00+05:45,515.17,515.95,509.44,513.24,25931800,1,0,-0.0037463361608788366,510.5771428571429,499.9933333333334
MSFT,XNAS,2025-07-31 05:45:00+05:45,555.23,555.45,531.9,533.5,51500000,1,0,-0.0391369342434667,514.61,501.842
MSFT,XNAS,2025-08-01 05:45:00+05:45,535,535.8,520.86,524.11,28955600,1,0,-0.020355140186915862,517.2157142857143,503.3043333333334
MSFT,XNAS,2025-08-04 05:45:00+05:45,528.27,538.25,528.13,535.64,25328300,1,0,0.013951199197380137,520.7528571428572,505.2456666666667
MSFT,XNAS,2025-08-05 05:45:00+05:45,537.18,537.3,527.24,527.75,19144000,1,0,-0.01755463717934389,522.7585714285715,506.63733333333334
MSFT,XNAS,2025-08-06 05:45:00+05:45,530.9,531.7,524.03,524.94,21322500,1,0,-0.011226219627048263,524.5357142857143,507.79833333333335
MSFT,XNAS,2025-08-07 05:45:00+05:45,526.8,528.09,517.55,520.84,16056600,1,0,-0.011313591495823696,525.7171428571429,508.7506666666667
MSFT,XNAS,2025-08-08 05:45:00+05:45,522.6,524.66,519.41,522.04,15516600,1,0,-0.0010715652506698415,526.9742857142857,509.57033333333334
MSFT,XNAS,2025-08-11 05:45:00+05:45,522.3,527.59,519.72,521.77,20180800,1,0,-0.0010147424851617323,525.2985714285714,510.4313333333333
MSFT,XNAS,2025-08-12 05:45:00+05:45,523.75,530.98,522.7,529.24,18667000,1,0,0.010482100238663502,526.0314285714286,511.49233333333336
MSFT,XNAS,2025-08-13 05:45:00+05:45,532.11,532.7,519.37,520.58,19587300,1,0,-0.02166845201180202,523.88,512.4433333333333
MSFT,XNAS,2025-08-14 05:45:00+05:45,522.405,525.9499,520.14,522.48,19604250,1,0,0.00014356677290616566,523.1271428571429,513.4896666666667
MSFT,XNAS,2025-08-15 05:45:00+05:45,522.77,526.1,519.08,520.17,25191800,1,0,-0.0049735065133806895,522.4457142857143,514.2006666666667
MSFT,XNAS,2025-08-18 05:45:00+05:45,521.59,522.82,514.02,517.1,23745000,1,0,-0.008608293870664715,521.9114285714285,514.8466666666667
MSFT,XNAS,2025-08-19 05:45:00+05:45,515,515.16,508.55,509.77,21452200,1,0,-0.010155339805825277,520.1585714285715,515.2850000000001
MSFT,XNAS,2025-08-20 05:45:00+05:45,509.87,511,504.44,505.72,27701800,1,0,-0.008139329633043672,517.8657142857144,515.3586666666666
MSFT,XNAS,2025-08-21 05:45:00+05:45,503.69,507.63,502.72,504.24,18418400,1,0.83,0.0010919414719371267,514.2942857142857,515.4506666666667
MSFT,XNAS,2025-08-22 05:45:00+05:45,504.25,510.73,502.41,507.23,24309100,1,0,0.005909766980664389,512.3871428571429,515.581
MSFT,XNAS,2025-08-25 05:45:00+05:45,506.63,508.19,504.12,504.26,21621700,1,0,-0.004677970116258422,509.7842857142858,515.6223333333334
MSFT,XNAS,2025-08-26 05:45:00+05:45,504.36,504.98,498.51,502.04,30816400,1,0,-0.004599888968197306,507.19428571428574,515.4963333333333
MSFT,XNAS,2025-08-27 05:45:00+05:45,502,507.29,499.9,506.74,17257200,1,0,0.009442231075697229,505.7142857142857,515.5336666666667
MSFT,XNAS,2025-08-28 05:45:00+05:45,507.055,510.86,505.5,509.64,17845778,1,0,0.005098066284722524,505.69571428571436,515.4649999999999
MSFT,XNAS,2025-08-29 05:45:00+05:45,508.66,509.6,504.4915,506.69,20961569,1,0,-0.0038729210081390854,505.8342857142857,515.353
MSFT,XNAS,2025-09-02 05:45:00+05:45,500.47,506,496.81,505.12,18104100,1,0,0.009291266209762778,505.96000000000004,515.1883333333334
MSFT,XNAS,2025-09-03 05:45:00+05:45,503.79,507.79,502.32,505.35,16215400,1,0,0.0030965283153695034,505.6914285714286,515.191
MSFT,XNAS,2025-09-04 05:45:00+05:45,504.3,508.15,503.15,507.97,15497700,1,0,0.007277414237557041,506.2214285714286,515.261
MSFT,XNAS,2025-09-05 05:45:00+05:45,509.07,511.97,492.37,495,31971700,1,0,-0.0276386351582297,505.21571428571434,514.7316666666667
MSFT,XNAS,2025-09-08 05:45:00+05:45,498.11,501.2,495.03,498.2,16745200,1,0,0.00018068298167066507,503.9957142857143,514.2146666666666
MSFT,XNAS,2025-09-09 05:45:00+05:45,501.43,502.25,497.7,498.41,14349500,1,0,-0.00602277486388924,502.39142857142855,513.745
MSFT,XNAS,2025-09-10 05:45:00+05:45,502.98,503.23,496.72,500.37,21591300,1,0,-0.005189073124179914,501.48857142857145,513.3383333333334
MSFT,XNAS,2025-09-11 05:45:00+05:45,502.25,503.17,497.88,501.01,18654800,1,0,-0.0024688899950224175,500.90142857142854,512.9306666666666
MSFT,XNAS,2025-09-12 05:45:00+05:45,506.65,512.55,503.85,509.9,23612600,1,0,0.0064146846935754466,501.5514285714286,512.144
MSFT,XNAS,2025-09-15 05:45:00+05:45,508.75,515.47,507,515.36,16987592,1,0,0.01299262899262902,502.60714285714283,511.8523333333333
MSFT,XNAS,2025-09-16 05:45:00+05:45,516.88,517.23,508.6,509.04,19688100,1,0,-0.01516793066088836,504.6128571428572,510.96566666666666
MSFT,XNAS,2025-09-17 05:45:00+05:45,510.62,511.29,505.93,510.02,15790000,1,0,-0.001175042105675498,506.3014285714286,510.37466666666666
MSFT,XNAS,2025-09-18 05:45:00+05:45,511.49,513.07,507.66,508.45,18901300,1,0,-0.005943420203718588,507.7357142857143,509.825
MSFT,XNAS,2025-09-19 05:45:00+05:45,510.56,519.3,510.31,517.93,52371500,1,0,0.014435130053274733,510.24428571428564,509.728
MSFT,XNAS,2025-09-22 05:45:00+05:45,515.59,517.74,512.54,514.45,19989800,1,0,-0.0022110591749257866,512.1642857142857,509.475
MSFT,XNAS,2025-09-23 05:45:00+05:45,513.8,514.59,507.31,509.23,19788300,1,0,-0.008894511483067219,512.0685714285714,509.05699999999996
MSFT,XNAS,2025-09-24 05:45:00+05:45,510.38,512.48,506.92,510.15,13523900,1,0,-0.00045064461773584034,511.3242857142856,508.4206666666667
MSFT,XNAS,2025-09-25 05:45:00+05:45,508.3,510.01,505.04,507.03,15748400,1,0,-0.0024985244934094797,511.03714285714284,507.969
MSFT,XNAS,2025-09-26 05:45:00+05:45,510.06,513.94,506.62,511.46,16200700,1,0,0.0027447751244951126,511.24285714285713,507.6016666666667
MSFT,XNAS,2025-09-29 05:45:00+05:45,511.5,516.85,508.88,514.6,17607600,1,0,0.006060606060606105,512.1214285714285,507.416
MSFT,XNAS,2025-09-30 05:45:00+05:45,513.24,518.16,509.66,517.95,19712400,1,0,0.009176993219546481,512.1242857142857,507.4443333333333
MSFT,XNAS,2025-10-01 05:45:00+05:45,514.8,520.505,511.69,519.71,22414115,1,0,0.009537684537684698,512.8757142857143,507.77566666666667
MSFT,XNAS,2025-10-02 05:45:00+05:45,517.64,521.6,510.68,515.74,21208000,1,0,-0.003670504597789926,513.8057142857143,508.10966666666667
MSFT,XNAS,2025-10-03 05:45:00+05:45,517.1,520.49,515,517.35,15104200,1,0,0.00048346548056468763,514.8342857142857,508.54666666666674
MSFT,XNAS,2025-10-06 05:45:00+05:45,518.61,531.03,518.2,528.57,21365200,1,0,0.019205183085555688,517.9114285714286,509.258
MSFT,XNAS,2025-10-07 05:45:00+05:45,528.29,529.8,521.44,523.98,14601600,1,0,-0.0081583978496658,519.7,509.91533333333336
MSFT,XNAS,2025-10-08 05:45:00+05:45,523.28,526.95,523.09,524.85,13344800,1,0,0.0030003057636447984,521.1642857142857,510.6756666666667
MSFT,XNAS,2025-10-09 05:45:00+05:45,522.34,524.33,517.4,522.4,18324500,1,0,0.00011486771068642153,521.8,511.1976666666667
MSFT,XNAS,2025-10-10 05:45:00+05:45,519.64,523.58,509.63,510.96,24065400,1,0,-0.016703871911323238,520.5500000000001,511.2416666666667
MSFT,XNAS,2025-10-13 05:45:00+05:45,516.41,516.41,511.68,514.05,14271600,1,0,-0.004570012199608865,520.3085714285714,511.487
MSFT,XNAS,2025-10-14 05:45:00+05:45,510.23,515.28,506,513.57,14669900,1,0,0.006546067459773106,519.7685714285715,511.76866666666666
MSFT,XNAS,2025-10-15 05:45:00+05:45,514.96,517.19,510,513.43,14682400,1,0,-0.002971104551810017,517.6057142857143,512.038
MSFT,XNAS,2025-10-16 05:45:00+05:45,512.58,516.85,508.13,511.61,15518700,1,0,-0.0018923875297515065,515.8385714285714,512.1593333333334
MSFT,XNAS,2025-10-17 05:45:00+05:45,509.04,515.48,507.31,513.58,19798500,1,0,0.00891874901775896,514.2285714285715,512.7786666666667
MSFT,XNAS,2025-10-20 05:45:00+05:45,514.61,518.7,513.43,516.79,14656200,1,0,0.004236217718271992,513.4271428571428,513.3983333333333
MSFT,XNAS,2025-10-21 05:45:00+05:45,517.5,518.69,513.04,517.66,15574000,1,0,0.00030917874396129113,514.3842857142857,514.04
MSFT,XNAS,2025-10-22 05:45:00+05:45,521.15,525.23,517.71,520.54,18947700,1,0,-0.001170488343087429,515.3114285714286,514.7123333333334
MSFT,XNAS,2025-10-23 05:45:00+05:45,522.46,523.95,518.61,520.56,13989600,1,0,-0.003636642039582151,516.3100000000001,515.364
MSFT,XNAS,2025-10-24 05:45:00+05:45,522.79,525.35,520.71,523.61,15517500,1,0,0.001568507431282255,517.7642857142856,515.821
MSFT,XNAS,2025-10-27 05:45:00+05:45,531.78,534.58,529.01,531.52,18688800,1,0,-0.000488923991124132,520.6085714285715,516.3596666666666
MSFT,XNAS,2025-10-28 05:45:00+05:45,550,553.72,540.77,542.07,29909300,1,0,-0.014418181818181728,524.6785714285714,517.4606666666667
MSFT,XNAS,2025-10-29 05:45:00+05:45,544.94,546.27,536.73,541.55,35368400,1,0,-0.006220868352479355,528.2157142857143,518.5116666666667
MSFT,XNAS,2025-10-30 05:45:00+05:45,530.48,534.97,522.12,525.76,40931700,1,0,-0.008897602171618208,529.3728571428571,519.0886666666667
MSFT,XNAS,2025-10-31 05:45:00+05:45,528.88,529.32,515.1,517.81,33978900,1,0,-0.02093102405082448,528.9828571428571,519.0846666666666
MSFT,XNAS,2025-11-03 05:45:00+05:45,519.805,524.96,514.59,517.03,22312524,1,0,-0.005338540414193741,528.4785714285714,519.1706666666666
MSFT,XNAS,2025-11-04 05:45:00+05:45,511.83,515.55,507.84,514.33,20688846,1,0,0.004884434284821243,527.1528571428571,519.3406666666667
MSFT,XNAS,2025-11-05 05:45:00+05:45,513.32,514.83,506.575,507.16,22927843,1,0,-0.012000311696407747,523.6728571428572,519.241
MSFT,XNAS,2025-11-06 05:45:00+05:45,505.36,505.7,495.81,497.1,27048995,1,0,-0.016344783916416,517.2485714285715,518.9100000000001
MSFT,XNAS,2025-11-07 05:45:00+05:45,496.68,499.377,493.25,496.82,23914021,1,0,0.0002818716276072851,510.8585714285714,518.422
MSFT,XNAS,2025-11-10 05:45:00+05:45,500.04,506.85,498.8,506,26085200,1,0,0.011919046476281857,508.0357142857143,518.1353333333334
MSFT,XNAS,2025-11-11 05:45:00+05:45,504.8,509.6,502.3488,508.68,16929541,1,0,0.007686212361331211,506.73142857142864,517.8263333333333
MSFT,XNAS,2025-11-12 05:45:00+05:45,509.06,511.67,499.1201,511.14,26372100,1,0,0.004085962362000518,505.89,517.5406666666667
MSFT,XNAS,2025-11-13 05:45:00+05:45,510.31,513.5,501.29,503.29,25254700,1,0,-0.013756344182947584,504.3128571428571,517.1256666666667
MSFT,XNAS,2025-11-14 05:45:00+05:45,498.23,511.6,497.44,510.18,28491700,1,0,0.02398490656925514,504.7442857142857,516.8866666666667
MSFT,XNAS,2025-11-17 05:45:00+05:45,508.445,512.12,504.92,507.49,19053569,1,0,-0.0018782759197159655,506.2285714285714,516.184
MSFT,XNAS,2025-11-18 05:45:00+05:45,495.09,502.98,486.78,493.79,32728726,1,0,-0.002625785210769667,505.7957142857143,515.1776666666667
MSFT,XNAS,2025-11-19 05:45:00+05:45,490.1,495.1872,482.83,487.12,22340405,1,0,-0.006080391756784366,503.09857142857146,513.92
MSFT,XNAS,2025-11-20 05:45:00+05:45,492.71,493.57,476.06,478.43,25526443,1,0.91,-0.028982565809502495,498.77714285714285,512.4543333333334
MSFT,XNAS,2025-11-21 05:45:00+05:45,478.39,478.92,468.27,472.12,31397484,1,0,-0.013106461255460987,493.20285714285717,511.1596666666667
MSFT,XNAS,2025-11-24 05:45:00+05:45,475,476.9,468.02,474,32598344,1,0,-0.002105263157894737,489.0185714285714,509.82466666666664
MSFT,XNAS,2025-11-25 05:45:00+05:45,474.07,479.15,464.89,476.99,27992800,1,0,0.006159427932583829,484.27714285714285,508.6053333333333
MSFT,XNAS,2025-11-26 05:45:00+05:45,486.31,488.31,481.2,485.5,25709100,1,0,-0.0016656042442063752,481.13571428571424,507.6743333333333
MSFT,XNAS,2025-11-28 05:45:00+05:45,487.595,492.63,486.65,492.01,10514063,1,0,0.00905464576133874,480.88142857142856,507.02099999999996
MSFT,XNAS,2025-12-01 05:45:00+05:45,488.44,489.86,484.65,486.74,23944100,1,0,-0.0034804684301039815,480.82714285714286,506.1263333333333
MSFT,XNAS,2025-12-02 05:45:00+05:45,486.72,493.5,486.32,490,19549000,1,0,0.006738987508218221,482.47999999999996,505.23333333333335
MSFT,XNAS,2025-12-03 05:45:00+05:45,476.29,484.24,475.2,477.73,33458975,1,0,0.003023368116063738,483.28142857142853,503.90233333333333
MSFT,XNAS,2025-12-04 05:45:00+05:45,479.52,481.322,476.49,480.84,21899020,1,0,0.0027527527527527384,484.25857142857143,502.57899999999995
MSFT,XNAS,2025-12-05 05:45:00+05:45,482.5,483.4,478.8801,483.16,22109742,1,0,0.0013678756476684455,485.14,501.33233333333334
MSFT,XNAS,2025-12-08 05:45:00+05:45,484.885,492.3,484.38,491.02,20801963,1,0,0.01265248460975281,485.92857142857144,500.246
MSFT,XNAS,2025-12-09 05:45:00+05:45,489.34,492.1,488.5001,492.02,14081114,1,0,0.005476764621735413,485.92999999999995,498.9293333333334
MSFT,XNAS,2025-12-10 05:45:00+05:45,484.03,484.25,475.08,478.56,34464624,1,0,-0.011300952420304466,484.76142857142855,496.8123333333333
MSFT,XNAS,2025-12-11 05:45:00+05:45,476.56,486.03,475.86,483.47,23182196,1,0,0.014499748195400421,483.8285714285715,494.8763333333334
MSFT,XNAS,2025-12-12 05:45:00+05:45,479.82,482.45,476.36,478.53,20743536,1,0,-0.002688508190571507,483.9428571428572,493.30199999999996
MSFT,XNAS,2025-12-15 05:45:00+05:45,480.1,480.7205,472.52,474.82,23099397,1,0,-0.010997708810664506,483.0828571428571,491.86899999999997
MSFT,XNAS,2025-12-16 05:45:00+05:45,471.905,477.89,470.88,476.39,19938039,1,0,0.009504031531770195,482.11571428571426,490.51433333333335
MSFT,XNAS,2025-12-17 05:45:00+05:45,476.905,479.88,475.22,476.12,23237698,1,0,-0.0016460301317871866,479.9871428571429,489.24066666666664
MSFT,XNAS,2025-12-18 05:45:00+05:45,478.19,489.6,477.89,483.98,26736126,1,0,0.012108157845208014,478.83857142857147,488.46799999999996
MSFT,XNAS,2025-12-19 05:45:00+05:45,487.36,487.85,482.49,485.92,58921425,1,0,-0.0029546946815495684,479.89000000000004,488.0953333333333
MSFT,XNAS,2025-12-23 05:45:00+05:45,484.88,487.8299,484.74,486.85,14566748,1,0,0.004062860914040643,480.3728571428572,487.763
MSFT,XNAS,2025-12-24 05:45:00+05:45,485.68,489.16,484.83,488.02,5855900,1,0,0.00481798715203421,481.7285714285714,487.16366666666664
MSFT,XNAS,2025-12-26 05:45:00+05:45,486.705,488.12,485.96,487.71,8723088,1,0,0.0020649058464572902,483.57000000000005,486.46466666666663
MSFT,XNAS,2025-12-29 05:45:00+05:45,486.705,488.35,484.18,487.1,10816574,1,0,0.0008115799098017047,485.1,485.6633333333333
MSFT,XNAS,2025-12-30 05:45:00+05:45,485.95,489.67,485.5,487.48,12903172,1,0,0.003148472065027327,486.72285714285715,485.1363333333333
MSFT,XNAS,2025-12-31 05:45:00+05:45,487.84,488.14,483.3,483.62,15601600,1,0,-0.008650377172843495,486.6714285714285,484.25100000000003
MSFT,XNAS,2026-01-02 05:45:00+05:45,484.385,484.66,470.16,472.94,25467273,1,0,-0.023627899294982282,484.8171428571428,483.0993333333334
MSFT,XNAS,2026-01-05 05:45:00+05:45,473.95,476.0529,469.51,472.85,24752522,1,0,-0.002320919928262403,482.8171428571428,482.40133333333335
MSFT,XNAS,2026-01-06 05:45:00+05:45,473.8,478.7367,469.75,478.51,23037665,1,0,0.009940903334740353,481.4585714285714,482.11433333333326
MSFT,XNAS,2026-01-07 05:45:00+05:45,479.76,489.7,477.95,483.47,25547100,1,0,0.007733033183258371,480.8528571428571,482.2823333333334
MSFT,XNAS,2026-01-08 05:45:00+05:45,480.578,482.66,475.86,478.11,18098810,1,0,-0.005135482689594532,479.56857142857143,482.48199999999997
MSFT,XNAS,2026-01-09 05:45:00+05:45,474.06,479.82,472.2,479.28,18484000,1,0,0.01101126439691172,478.3971428571428,482.658
MSFT,XNAS,2026-01-12 05:45:00+05:45,476.67,480.96,475.6803,477.18,21109977,1,0,0.0010699225879539113,477.4771428571429,482.66433333333333
MSFT,XNAS,2026-01-13 05:45:00+05:45,474.675,475.76,465.95,470.67,27617535,1,0,-0.008437351872333692,477.15285714285716,482.17
MSFT,XNAS,2026-01-14 05:45:00+05:45,466.345,468.2,457.1701,459.38,28117173,1,0,-0.014935294685265268,475.22857142857146,481.08233333333334
MSFT,XNAS,2026-01-15 05:45:00+05:45,466.345,464.12,455.91,456.66,23015084,1,0,-0.02076788643600768,472.10714285714283,480.07966666666664
MSFT,XNAS,2026-01-16 05:45:00+05:45,457.83,463.19,456.48,459.86,33795700,1,0,0.0044339602035690755,468.73428571428576,479.075
MSFT,XNAS,2026-01-20 05:45:00+05:45,451.43,456.8,449.28,454.52,25927390,1,0,0.0068449150477371355,465.36428571428576,478.3013333333334
MSFT,XNAS,2026-01-21 05:45:00+05:45,452.35,452.69,438.685,444.11,37424042,1,0,-0.018215983198850465,460.34000000000003,477.07700000000006
MSFT,XNAS,2026-01-22 05:45:00+05:45,448.04,452.84,444.735,451.14,25018425,1,0,0.006919025087045723,456.62,476.0096666666667
MSFT,XNAS,2026-01-23 05:45:00+05:45,451.86,471.1,450.6,465.95,37533469,1,0,0.031182224582835334,455.94571428571425,475.17400000000004
MSFT,XNAS,2026-01-26 05:45:00+05:45,465.305,474.25,462,470.28,28716046,1,0,0.010691911756804603,457.50285714285707,474.4493333333333
MSFT,XNAS,2026-01-27 05:45:00+05:45,473.645,482.87,473.16,480.58,29078464,1,0,0.014641767568537623,460.92,474.51666666666665
MSFT,XNAS,2026-01-28 05:45:00+05:45,483.13,483.74,478,481.63,32450441,1,0,-0.0031047544139258584,464.0299999999999,474.45533333333333
MSFT,XNAS,2026-01-29 05:45:00+05:45,439.865,442.3,421.02,433.5,128194143,1,0,-0.014470348857035702,461.0271428571428,472.95433333333335
MSFT,XNAS,2026-01-30 05:45:00+05:45,439.17,439.47,426.45,430.29,55377986,1,0,-0.020219960379807354,459.05285714285714,471.47
MSFT,XNAS,2026-02-02 05:45:00+05:45,430.255,430.736,422.25,423.37,41784456,1,0,-0.016002138266841735,455.0857142857143,469.7026666666667
MSFT,XNAS,2026-02-03 05:45:00+05:45,422.01,422.01,408.57,411.21,56864712,1,0,-0.025591810620601434,447.2657142857143,467.539
MSFT,XNAS,2026-02-04 05:45:00+05:45,411,419.8,409.24,414.19,44796800,1,0,0.007761557177615566,439.25285714285707,465.2126666666667
MSFT,XNAS,2026-02-05 05:45:00+05:45,407.77,408.3,392.33,393.67,65025347,1,0,-0.03457831620766601,426.8371428571428,462.1376666666667
MSFT,XNAS,2026-02-06 05:45:00+05:45,399.165,401.79,392.92,401.14,52425974,1,0,0.004947828592186103,415.33857142857147,459.28066666666666
MSFT,XNAS,2026-02-09 05:45:00+05:45,404.8,414.89,400.87,413.6,44443596,1,0,0.021739130434782636,412.4957142857143,456.8
MSFT,XNAS,2026-02-10 05:45:00+05:45,419.62,423.68,412.7,413.27,44857850,1,0,-0.015132739144940715,410.06428571428575,454.31866666666673
